{
  "creds": {
    "noiseKey": {
      "private": {
        "type": "Buffer",
        "data": "aG51yxNncHM+wsSRhX8eOh8DWYGHEA8NkA7u8oMDSW4="
      },
      "public": {
        "type": "Buffer",
        "data": "IO3F7IvT99RMLJ4Fmi0zaR4RjXPwSqkP2+IpJMy2mD4="
      }
    },
    "signedIdentityKey": {
      "private": {
        "type": "Buffer",
        "data": "GOf20rjraZnpMisI6WnT6E8+ZU68nzs3H/qTeCItpm0="
      },
      "public": {
        "type": "Buffer",
        "data": "shaORjKeZSFnyMroNOOcIcJdPe+w5Tq3qkA7/DlXd0E="
      }
    },
    "signedPreKey": {
      "keyPair": {
        "private": {
          "type": "Buffer",
          "data": "qEsf8xaArsOZjJPfia99s92kc0DONJH9HeirIaeMmUo="
        },
        "public": {
          "type": "Buffer",
          "data": "YxEleH1fT4DBnqctLe9v0ieB6/q2tgS0FbS3dWgV83c="
        }
      },
      "signature": {
        "type": "Buffer",
        "data": "k1XkFiRe2vkOVwCcjwAZixlkWvKiUncxiVn2l9pWrlbtDMZ4lxDL3UDyFiNSxrpduwiPljPh/vBwtSFTB8QegQ=="
      },
      "keyId": 1
    },
    "registrationId": 123,
    "advSecretKey": "geannC4I/nsNIMiLiKhow4wbW3/z6/l4W5AM9XzE1l4=",
    "processedHistoryMessages": [
      {
        "key": {
          "remoteJid": "6285789004759@s.whatsapp.net",
          "fromMe": true,
          "id": "8561DCFC6B1642E4AE1D323BF6616876"
        },
        "timestamp": 1658249811
      },
      {
        "key": {
          "remoteJid": "6285789004759@s.whatsapp.net",
          "fromMe": true,
          "id": "B19794092F0F83CBCD7A72172568785E"
        },
        "timestamp": 1658249812
      },
      {
        "key": {
          "remoteJid": "6285789004759@s.whatsapp.net",
          "fromMe": true,
          "id": "FEC58117246FC359F953A5D924135B54"
        },
        "timestamp": 1658249814
      }
    ],
    "nextPreKeyId": 31,
    "firstUnuploadedPreKeyId": 31,
    "accountSettings": {
      "unarchiveChats": false
    },
    "account": {
      "details": "CNOHz6cCEMzE25YGGAE=",
      "accountSignature": "hE5FeWqIH6YeKjxjTIJDlh5ECkGg2a1XTcBnw7lFq9SC+1frA3w59d/KoXlfKs+IQFgbIV0qJ0VYbkW3T6vJDA==",
      "deviceSignature": "5G3itL6oF1WeufCsYnmK6Ndf9tfGNMhT0gKupXaO7paaeey1ejjMiCqolKM4eV1n4ZIwr6h/LB0w8Y3qrtgJgg=="
    },
    "me": {
      "id": "6285789004759:34@s.whatsapp.net",
      "name": "Feyza Frasetio 🌀"
    },
    "signalIdentities": [
      {
        "identifier": {
          "name": "6285789004759:34@s.whatsapp.net",
          "deviceId": 0
        },
        "identifierKey": {
          "type": "Buffer",
          "data": "BQwKeB2p7wqb0yXZ7re/vVqvUapTzGMF9iVIxEuPehFV"
        }
      }
    ],
    "platform": "android",
    "lastAccountSyncTimestamp": 1658249808,
    "myAppStateKeyId": "AAAAAOXh"
  },
  "keys": {
    "preKeys": {
      "1": {
        "private": {
          "type": "Buffer",
          "data": "cAF2ALxvSJ1MPKc1Cqsu/sToHmI0mbTQZtXK6cZOj3M="
        },
        "public": {
          "type": "Buffer",
          "data": "PxxDDlcmKQj7V+9D4pEvc9zJOWEtX9T42FFb+iVBDUY="
        }
      },
      "2": {
        "private": {
          "type": "Buffer",
          "data": "IHcp2mQoaTVnpN47G5g5M1BfC6QE1mMdlzWG15xCRms="
        },
        "public": {
          "type": "Buffer",
          "data": "CzZHM2glnirDYw4O4aRyF+Ydp44em862Lg+TDGZSXzM="
        }
      },
      "3": null,
      "4": {
        "private": {
          "type": "Buffer",
          "data": "0OYFQ9cmhSeQ8UnMI9op6jBzzsCM1mARZV53lP5rc2c="
        },
        "public": {
          "type": "Buffer",
          "data": "e+Z66Z5WMioMEURE6C7WvCr4MzJD5M65AYBgnLcNJW0="
        }
      },
      "5": {
        "private": {
          "type": "Buffer",
          "data": "aBCgi6Zi8Nj3XTXwqcXZMSIbdCa1JZxmBCQPNcB8a3c="
        },
        "public": {
          "type": "Buffer",
          "data": "32KRd1ZgTlLXJNAUwVAHZlYLM3e/Oej8ZA2o6UnjVGw="
        }
      },
      "6": {
        "private": {
          "type": "Buffer",
          "data": "iN4PzD2Va3hEOZkXRHDNcSlyzg+GUz30JObGDVh87Eo="
        },
        "public": {
          "type": "Buffer",
          "data": "Eqf44fsxIOUfjPwO5ZDn/xT1zNYh2WcSZGhksPUluX0="
        }
      },
      "7": {
        "private": {
          "type": "Buffer",
          "data": "6GKqxROaLNECPJvzDogVIStIBvJtZmhVZyril9o68VA="
        },
        "public": {
          "type": "Buffer",
          "data": "NHHz28PvCizKG21imACQ2JkwQemym4FEQUO23AkPTko="
        }
      },
      "8": {
        "private": {
          "type": "Buffer",
          "data": "6LgQ4s5IJ0w2NF5jFEMvj8UzhtJybFYnHMk6KVdj/2A="
        },
        "public": {
          "type": "Buffer",
          "data": "rTUQprwfhvOHPDHWXlyT9ms4opTDTtVCgoyaJspcU3E="
        }
      },
      "9": {
        "private": {
          "type": "Buffer",
          "data": "0Dflmt4qG7y9LJleMO8nbgZbCYL3mbbPdk1vGjHDVFg="
        },
        "public": {
          "type": "Buffer",
          "data": "dFLrQF4U+ugs+m9TndGRD/my32AgxgXbeqIQwauYgDM="
        }
      },
      "10": {
        "private": {
          "type": "Buffer",
          "data": "gF3T7b9WqPxRgF5VQnw1hOdodv7Py94f0UN5uHt/7E8="
        },
        "public": {
          "type": "Buffer",
          "data": "ZQdHtXZN4Hx4ynL+7btG0FlRqqiGUfCmhglZSMQ7Ri0="
        }
      },
      "11": null,
      "12": {
        "private": {
          "type": "Buffer",
          "data": "kO3MAxVekKh6CX0UG2L0cdVvK/fKqkrLhuc5bUPwb0k="
        },
        "public": {
          "type": "Buffer",
          "data": "qQNMqEc/W0Vy2hcPIYncQUY2TCTbQmdPGebfIWv+Ek0="
        }
      },
      "13": {
        "private": {
          "type": "Buffer",
          "data": "UCAuxEyGEWVZH1W+21+sQX7B1vyWgENBcniJbWb8tGE="
        },
        "public": {
          "type": "Buffer",
          "data": "sqOSGQZ5jxS8USs6bXlPQNUD1gnrLDW5+TywprRUvSA="
        }
      },
      "14": {
        "private": {
          "type": "Buffer",
          "data": "2GhtRNBlstzJN3BbdT1iwa/Nxzhh66P0vq7xz+fFS14="
        },
        "public": {
          "type": "Buffer",
          "data": "pWNueOCuESQcu/939eoeEZSBFrVAitKnISOWg1UYuxc="
        }
      },
      "15": {
        "private": {
          "type": "Buffer",
          "data": "aF7Ds0bC+j0nxGwV6WCO6yr1EbNVoPDrcsu5hyaBj2M="
        },
        "public": {
          "type": "Buffer",
          "data": "vB+fba+1TZWXMcFeG6LdTnukkxqlU7AdUC7182I4wBA="
        }
      },
      "16": {
        "private": {
          "type": "Buffer",
          "data": "cAzpKpkQ6DDy1r2edVH9w3N6/xou1h2NJMo09JzuXF8="
        },
        "public": {
          "type": "Buffer",
          "data": "q8oTHLv6/juCqRWbE+ltgUOtqu8iBOY2fWGwTjoueCM="
        }
      },
      "17": {
        "private": {
          "type": "Buffer",
          "data": "iCu0z0KZdy/cExJ1pPt7NGlkhYxRnZislg0YIHgyrUM="
        },
        "public": {
          "type": "Buffer",
          "data": "9sv6CxYNzKZV0suxn7q/SQO/OBBH7k4a5GVK4pmm4Bg="
        }
      },
      "18": {
        "private": {
          "type": "Buffer",
          "data": "KF0d56MTAeanbqux5JYU8ynS3WScg7KGR6dYIvoDqHo="
        },
        "public": {
          "type": "Buffer",
          "data": "1IWWv9BVgxR6ZD9v6TAT/ZFthBJc9peRYkTP+bpP/W8="
        }
      },
      "19": {
        "private": {
          "type": "Buffer",
          "data": "+O189/GW3CHwz/GUBeenGBbCY+rYn7ghv8kSML6320M="
        },
        "public": {
          "type": "Buffer",
          "data": "VLAAZYz/dgbBg1/DjiApeQyTJ2v85QTMKdo5cwnRPSI="
        }
      },
      "20": {
        "private": {
          "type": "Buffer",
          "data": "SIzQr6dqSDObnnEKo3U4V1W6MirGnRX4GWl+JNlZxkc="
        },
        "public": {
          "type": "Buffer",
          "data": "M8fpl6GsO8aKSTII1YsQUUB7ffwFqu57bDlrKaFzRV4="
        }
      },
      "21": {
        "private": {
          "type": "Buffer",
          "data": "KPiUe8d63nDBQ9Px/aKueXEFDLuN9YooNO20+AK92WA="
        },
        "public": {
          "type": "Buffer",
          "data": "l5R5iN4CE61tEOoqqXyXSAn7J00QiU7YTWg2u8bGmXc="
        }
      },
      "22": {
        "private": {
          "type": "Buffer",
          "data": "6NfgcJPuqp5+ChF1ZnCRosh3KDVzwmPKje6LQKAFqVo="
        },
        "public": {
          "type": "Buffer",
          "data": "fCUqkM0wGJposfUwXCff1c/VBXUO4u5xHACzJxzpEWQ="
        }
      },
      "23": {
        "private": {
          "type": "Buffer",
          "data": "aPzwa/0f45Jenx61QcFLaNL4QJM4q/JEQtyFXDORjkw="
        },
        "public": {
          "type": "Buffer",
          "data": "OSETDf8Y8L/H/nQJX9izjUy5eJ3LWgqEFFsJV4DQolk="
        }
      },
      "24": {
        "private": {
          "type": "Buffer",
          "data": "YJTDoMX95pGO/734Ewf1mn4G6dcq3QCgC4YPzI9YcnY="
        },
        "public": {
          "type": "Buffer",
          "data": "/ywRcdoTzvp1nApeBBofHkkSrzU/p8G3tZ5RK7Ud0D4="
        }
      },
      "25": {
        "private": {
          "type": "Buffer",
          "data": "2D4eJggN9gzglyb8lYlrskfDuFNzMV29ut2VWDJ0bV0="
        },
        "public": {
          "type": "Buffer",
          "data": "eoyHe0ErD4ShzUWz/3I6Yz0qhz3tuaZbBAASjwkUv30="
        }
      },
      "26": {
        "private": {
          "type": "Buffer",
          "data": "IDF7UlgTuVptqXGUV73Fy8GON3cU7jrbUxdFPqP7RGs="
        },
        "public": {
          "type": "Buffer",
          "data": "6S1kM8PbPYaOx6BdYMmJVhkRiK6cEgLjs9Fr/i4MLEg="
        }
      },
      "27": {
        "private": {
          "type": "Buffer",
          "data": "2EIxC99s5TyloylJ3nIvLOAAq0MLyfP4yZYLlhorX3M="
        },
        "public": {
          "type": "Buffer",
          "data": "C7vB/K0bCTvW0gPq8pUlUs0MAPdYoCw47EbleypjT3s="
        }
      },
      "28": {
        "private": {
          "type": "Buffer",
          "data": "gIs6aY34u1UA847PRfKwnyjupsw1k8asIUnfXi29u0w="
        },
        "public": {
          "type": "Buffer",
          "data": "ja6zR4l+pDpA2aLUkMMh7AfBZUWxoar5v8RSbg8vMQo="
        }
      },
      "29": {
        "private": {
          "type": "Buffer",
          "data": "IL682kGji+RiAXaUqi16qiA83tOJBldTjPjuDjeY5Hw="
        },
        "public": {
          "type": "Buffer",
          "data": "rOLrbKTerdLYaV0cLtsmk6gNIgta2DRVeoMBUDwB1w8="
        }
      },
      "30": {
        "private": {
          "type": "Buffer",
          "data": "8KxY5YO7x5+zq3bPcRCZm1J601zTuxM6tOuK1c9I3Wk="
        },
        "public": {
          "type": "Buffer",
          "data": "G9ysejm+gqZOLntlAfsROcRhxitZ/7ZAKzY5ObW6kUU="
        }
      }
    },
    "sessions": {
      "6285789004759.0": {
        "_sessions": {
          "BcjEPxy7w1Ahf+kSazJXQEtve9Y9uuKQ3zzPBNZs5Vck": {
            "registrationId": 364160652,
            "currentRatchet": {
              "ephemeralKeyPair": {
                "pubKey": "BVBl/8F93QD9EQltWiQ3IoKIPIMqDawPzHvoWpGjjWIi",
                "privKey": "AN/XJBDAvROxsbHpZ9bJIAqx3dwcfPn6ParkhPIIOVc="
              },
              "lastRemoteEphemeralKey": "Bb0IwneN89GIxC8qzPisTFPY1SV5Ne1b3ZGVJzJiG2AW",
              "previousCounter": 0,
              "rootKey": "0QGpxHzMKoAt6B1HJQY4varZB5HKIVSW2OlF6zBEjdY="
            },
            "indexInfo": {
              "baseKey": "BcjEPxy7w1Ahf+kSazJXQEtve9Y9uuKQ3zzPBNZs5Vck",
              "baseKeyType": 2,
              "closed": -1,
              "used": 1658249809201,
              "created": 1658249809200,
              "remoteIdentityKey": "BQwKeB2p7wqb0yXZ7re/vVqvUapTzGMF9iVIxEuPehFV"
            },
            "_chains": {
              "Bb0IwneN89GIxC8qzPisTFPY1SV5Ne1b3ZGVJzJiG2AW": {
                "chainKey": {
                  "counter": 6,
                  "key": "DnZ9fh4jLLhaFNrBvueHpWRTkvmJlVU0vKXDUE8IyNo="
                },
                "chainType": 2,
                "messageKeys": {}
              },
              "BVBl/8F93QD9EQltWiQ3IoKIPIMqDawPzHvoWpGjjWIi": {
                "chainKey": {
                  "counter": 0,
                  "key": "h/DcykKBqgV2refn/iIBgs7djEORDc1PmAIktDuX+xI="
                },
                "chainType": 1,
                "messageKeys": {}
              }
            }
          }
        },
        "version": "v1"
      },
      "6283834558105.0": {
        "_sessions": {
          "BQZtqUnii4oRBjaf47j6eHmMZP5AUu5CFpSDxt1hkXko": {
            "registrationId": 661088590,
            "currentRatchet": {
              "ephemeralKeyPair": {
                "pubKey": "BW64Roj8sKzUQHl0uR/8BLRH7psWc5oMTd+MHw32yYZ9",
                "privKey": "sNzrCMxU0Dh5SHCP7d3vLELGZwD09sfYWMf6PvTtlGw="
              },
              "lastRemoteEphemeralKey": "Bb/qjCeF/AWu0H8HiWO4zdFI8BMEXohtR87wT79TMrEo",
              "previousCounter": 0,
              "rootKey": "LdNNo9PcvIhFzECmJuB5lWXozR9v0bHnrcQu1a/SGY4="
            },
            "indexInfo": {
              "baseKey": "BQZtqUnii4oRBjaf47j6eHmMZP5AUu5CFpSDxt1hkXko",
              "baseKeyType": 2,
              "closed": -1,
              "used": 1658249816971,
              "created": 1658249816971,
              "remoteIdentityKey": "BcAQhrmAP1FicQAMJIxBX3qM2gvO1yeK2jj4ZHz5/2Em"
            },
            "_chains": {
              "Bb/qjCeF/AWu0H8HiWO4zdFI8BMEXohtR87wT79TMrEo": {
                "chainKey": {
                  "counter": 0,
                  "key": "1/iFkdU+lEXyhCLS1lmLmF58d/BT2B40szxjrk9Qakw="
                },
                "chainType": 2,
                "messageKeys": {}
              },
              "BW64Roj8sKzUQHl0uR/8BLRH7psWc5oMTd+MHw32yYZ9": {
                "chainKey": {
                  "counter": 0,
                  "key": "JAKc2r8b2Vha7arwhvD+OgdkLVCaCLMWith1x3ezuqk="
                },
                "chainType": 1,
                "messageKeys": {}
              }
            }
          }
        },
        "version": "v1"
      }
    },
    "appStateSyncKeys": {
      "AAAAAOXh": {
        "keyData": "oHzijep1rQAsiqYb3N+eas1icuOLdPZXRixs8bF7qDE=",
        "fingerprint": {
          "rawId": 619955155,
          "currentIndex": 1,
          "deviceIndexes": [
            0,
            1
          ]
        },
        "timestamp": "1658249809912"
      }
    },
    "appStateVersions": {
      "critical_block": {
        "version": 1,
        "hash": {
          "type": "Buffer",
          "data": "78qQMpp3bAsvOn/zef0sdCJuAmoDaJwn1uegomg11BkDAl5MopBUdRGVbRQgQe6k2e6kjPZKujy7A7Nas4ubJZUtz7sBSO/KfLB3oNwJs/kvFNmv+i3f/qLjNi7TKNAVT/q+fuh7Mbb7zSgp6SUwaoHD2lTok3TGlEagwGqBFT0="
        },
        "indexValueMap": {
          "pp8tfAEQtm/IhDKFGXeiGqV966dLjanQHaAP/erJnI4=": {
            "valueMac": {
              "type": "Buffer",
              "data": "kgMzM8AxnDV1gmc7D1Y3m6F2JXJLrixXUHQFmmCgzpE="
            }
          },
          "mHwnC02Z9tlkTEd5eK2IKDOwLWIFDP1M94+LO9lZtZU=": {
            "valueMac": {
              "type": "Buffer",
              "data": "NIbzS+vknA5Bf2LZuSwD1ZobT9/3AEqq2hFBoeqxDAc="
            }
          }
        }
      },
      "regular": {
        "version": 1,
        "hash": {
          "type": "Buffer",
          "data": "nwhDe+MqnXj0SWiWrzPamuPogx1dhujctdgZwR61K06I6WK5LEdHxwICo4kmwo6SuHWt/Y+BkbivwX1zONB9bOEc9erkZMoAMRb0vF804/QGrN6aoCr6v8nbtvS+qeSU41G4ZzpPMvYxdOSSr88sn1Pb6F3oYGYerxxIhnzGtaE="
        },
        "indexValueMap": {
          "pFcIRsD0RzJU4jyV6eSIi5Z5JU2Ddg5/4eunRDUSMEY=": {
            "valueMac": {
              "type": "Buffer",
              "data": "cLvGCgy6L7Ap6WDiz9gmOKttrzppSZAXZqD6Q0TtXVU="
            }
          }
        }
      },
      "critical_unblock_low": {
        "version": 1,
        "hash": {
          "type": "Buffer",
          "data": "IeIkGnk7lf3YtWk1tZgFo/fjt0Wk0EoumF5eeSym3YXFEL3fSq9OxColuVl/hGU4vuov5iVtKPI3uUybwqkRUMo4qqaccta1MIEbynlUHLerka5opkKGwrCzi3EjSZHc81OUJPYvs2/1d7rzMHm9yfuL+yNFetFuVb12YWnkWhw="
        },
        "indexValueMap": {
          "k9HT3zwZeHxl4lUPTxcV/GDCsGmOAXAE0kZntYDsPfU=": {
            "valueMac": {
              "type": "Buffer",
              "data": "5Oi9olQWGtytu5kleUza7gvcEstqxhjq/cIq5zWJDbo="
            }
          },
          "iEFff4shNjl/IQowS6us3ZctHLZ8PWOpRfj+c/vsAX0=": {
            "valueMac": {
              "type": "Buffer",
              "data": "ZkiAwPBeuCmt7IkaZ6a9lUmXsbrHyDPQo5KeYXsD68M="
            }
          },
          "YLlSJBRz8erpPRd6EB9IElnv51T5TvP1Or4iWNo9l14=": {
            "valueMac": {
              "type": "Buffer",
              "data": "eespLLPVmX3fVFFsMFeHJkXk1bf3OcEz2Q3a7UtPpn0="
            }
          },
          "Ma2QMp9wP6EPgn0zkNhg2s815ZJp72+hV+IsXc22oI4=": {
            "valueMac": {
              "type": "Buffer",
              "data": "ZEsW/lxq5vEwOqfWfJUX2wDRtLeMEvKd3iqApGmOezk="
            }
          },
          "fxvk4RCa47Q8u40xLT520E3tssJolM6PzvUbIZ0YDQU=": {
            "valueMac": {
              "type": "Buffer",
              "data": "3rCr3GRnzu6+XcddgCS/UmSH/XLLAD6z4MHXYURolvE="
            }
          },
          "MnOAZuazFviv4tZ/6VRSnxTZMuh35FXJAwAJ0oTwrAc=": {
            "valueMac": {
              "type": "Buffer",
              "data": "lVJo6x6S75X7op2GcBb74+r1F4pDfdK3RzEEmhtD7k4="
            }
          },
          "2dN4z9Z0nNQJUQbptapxYsbPfNxLN0p4ML7Hl/nRYpg=": {
            "valueMac": {
              "type": "Buffer",
              "data": "cQWTPhUOjwUNCsxa1VNrThFZH2JzrKo7PFmcjzkvbm0="
            }
          },
          "caVWS9jRki8REuHoBkFpLFvwdJkJxHm03ZkMdf/XayI=": {
            "valueMac": {
              "type": "Buffer",
              "data": "AH5O+eYEnAJn3CZdNIyNa84FjSzC+O6osVLhkXNmaq0="
            }
          },
          "qwugnJeAHeib/sGguQp3FMwCqHcEyrMqgAN18n1Oikg=": {
            "valueMac": {
              "type": "Buffer",
              "data": "V9fE+WWeXEo+wgMg2bbl23waM/6E/qYoTWlp54enhYo="
            }
          },
          "I34LuyBpVpYUOCxvri11nKsfJmjInxsATOBGYEu4Sas=": {
            "valueMac": {
              "type": "Buffer",
              "data": "+XG2BwQiXq2sAAzROt2dBXQ39RySiwLysFfQalKeny4="
            }
          },
          "BtMRmcxnnrQqGIVKpZKwkPn7hdf5/+3vjkVr9ygcAjM=": {
            "valueMac": {
              "type": "Buffer",
              "data": "cwtkXtTGf9gGuJeykV2lDGY1WJHDnwItVydKHKMFnbQ="
            }
          },
          "rnGs4QjSBHISXvNA+icc7Ml8IGyk/XpIUvtW2VQfkNE=": {
            "valueMac": {
              "type": "Buffer",
              "data": "hZh8YIXGu4I/C9WZEXKy6BYOxjLM/LY3DPfK8wZULrQ="
            }
          },
          "2t8rQf5VK1NIpql5CbQaaHURlZL38QiivrfqeLhWJkA=": {
            "valueMac": {
              "type": "Buffer",
              "data": "smU+pYDYehrfAyMufcsILgevKxQFOtK2L8V9wz7i5q8="
            }
          },
          "zCr6jCp6Qe43wjDb5nHPhWi0+6LqfYzAJVxilHOyTY0=": {
            "valueMac": {
              "type": "Buffer",
              "data": "AfAqMiiXx8VJwJFK3H70u7K/hRTVCSakImNAZdLaXwo="
            }
          },
          "yH08k50B9Z8XTVpvxHhvpoOoqmBKMCgAb56X2qYJlHc=": {
            "valueMac": {
              "type": "Buffer",
              "data": "Q4XfyT0Qc08M+Z7fVpDYa6idFAqr7N3ORARQtibo4Ro="
            }
          },
          "yZ4qsET3Bzve1jGrbfTsQNFtFpKP/Lq7LsKPffn2O2Q=": {
            "valueMac": {
              "type": "Buffer",
              "data": "hSn5VA841PT4hn7yPYSn0isXYwy9gdKJii5hTnRwoRY="
            }
          },
          "X9hcv9SydkLy3bo+OOxnWujU07NJr9wwjYPK4BjZxQw=": {
            "valueMac": {
              "type": "Buffer",
              "data": "OhjDrwwBRatt7YVC2mcL+UxNPILFTy1SEmA4/wPJaOU="
            }
          },
          "CknCykgf2IASAMLeK1f1E7pR5oVSqYk6gYU261B+Ph0=": {
            "valueMac": {
              "type": "Buffer",
              "data": "go7UWorAgGMNwlxoWI8ZIPPGq4YpSGXhSW12soNukeI="
            }
          },
          "Zl6HCmxsxtUiwlhiEIu8m/nM2DGmRZxQBXuAxjrnDsY=": {
            "valueMac": {
              "type": "Buffer",
              "data": "/G0eYnFcS0LR9rm/loDX03ZLuDOWu/y3BcNUttqSPe0="
            }
          },
          "bf/6Beut6ZncJwUJpU42KdepDwgArjfV+nJomllB/n8=": {
            "valueMac": {
              "type": "Buffer",
              "data": "RhBL8A6ok9AT3A5l167IlbTWoas8h9WdVaumTX65PUQ="
            }
          },
          "xavg5bFIsZdeo/VNFKYGwoyKp4Pej1DBiuszi+mRmH4=": {
            "valueMac": {
              "type": "Buffer",
              "data": "HnoL51O2GGqplJeh9uDXYBBwGp4UGVjAbVCDVz6r0GQ="
            }
          },
          "qLwL9Njf/Z8soGS1v2YjJwwBoKX3pXCOAWM7nTcWcPU=": {
            "valueMac": {
              "type": "Buffer",
              "data": "0JIxbhPVPTZ0rQm3lXrbTdGIUa35JoXV3mravkgdhb0="
            }
          },
          "3/P+Ln1Nh/gXmISUwV7oh4v4vTijRLvUgfxi2qRT6v0=": {
            "valueMac": {
              "type": "Buffer",
              "data": "BVZBZFi0/AzDNMY0lGwMGsNHgwEhTOPevAU6SqXY4P4="
            }
          },
          "6+a48S77kf2Sski7paFYORKIHJYlRnBq9eQhKpyWJdw=": {
            "valueMac": {
              "type": "Buffer",
              "data": "h29KmseG6ywXzijfoOlH89FH97w+O6VXuxESwFTsOw8="
            }
          },
          "bkvqYHk198QtpI/yYS+s7uoggAyDLQk4lTY/vk3kQU4=": {
            "valueMac": {
              "type": "Buffer",
              "data": "bT2pBpOMaIXcdALvOhnkwc6Xuit4cfXZYq2Bdbb4qYg="
            }
          },
          "DthkSWAF+cVm4KOnmOLpNcgV6Hh05xi5Oi6qfhy4H5M=": {
            "valueMac": {
              "type": "Buffer",
              "data": "JbqdIv4XZx5O8oA6vHr2dD031qZx5EOaPlrNU+eeBxM="
            }
          },
          "d32+10s99iMFrVip8ZyYsf9qck28Y44NXbKQOCL1WPI=": {
            "valueMac": {
              "type": "Buffer",
              "data": "7Z3Rq4NvaiIzYMrBidsCXapSnriUm/ZTehygtFyMhOg="
            }
          },
          "jD+vdpIqT0BtVqfD6rXn/qXbSqBVUtCC1SY5aJvy8zA=": {
            "valueMac": {
              "type": "Buffer",
              "data": "dhmDcJRVlHNJ6W6PtFEOeMHSQwhAnv6V1c52datxae4="
            }
          },
          "abPsk+qePzhAWQo9x7gVMkNqWbM1ZCvjp337dLux7ZA=": {
            "valueMac": {
              "type": "Buffer",
              "data": "D2AvTAgE21boRm5x7Ukqc6IbRttgDPYfnPAWaC+YU3Q="
            }
          },
          "yz+wubNKIFyu5AHzvmTQd9ZF2cSyioQiqfow4FfEF80=": {
            "valueMac": {
              "type": "Buffer",
              "data": "6Mqz+FE4YSQ76dLdOnloajQ4Js4EI6OYfEtLnUcauFc="
            }
          },
          "OH2DgzvKWUiizx73VXt56prK3bbOI+CU6cwL/M9Y7f8=": {
            "valueMac": {
              "type": "Buffer",
              "data": "vrrclB7mQPfiIyQg+eAB8bmnmRgamf3SKGXg78323dI="
            }
          },
          "3IFitX9O2nVHE9EY5YnkExvVyaP9AnVSCUKeHd3wmX4=": {
            "valueMac": {
              "type": "Buffer",
              "data": "IrTwuGFej7OPGyk9AY+cAu8DrfL6MzIzIxnNmgMyGDQ="
            }
          },
          "xgdPfzbxUGI/FV8A/cpyntVLA5t/lN9HI2W2HWBGXyM=": {
            "valueMac": {
              "type": "Buffer",
              "data": "hfEuGs0QZ++MU2MCgVjG7R17y2tN+SFAiTOgTA6P7CA="
            }
          },
          "AqxGuA7WPhkp3MZb2VZBCrcCYzeKf0OKDRAkeE5G8w4=": {
            "valueMac": {
              "type": "Buffer",
              "data": "NsWDWhCMkLBn/eY6YZQwOhZWn8berUZ3KZK6tenliuc="
            }
          },
          "0AWpeG0sa083JsMtzMFA2rASF4/n/vETDjAE/fHmKNU=": {
            "valueMac": {
              "type": "Buffer",
              "data": "XKUQDDKN2QaLbcUX9bxl86ceca92LTdIyPaMg++JVqU="
            }
          },
          "JTEZBMZxajTcW9l7xV4iTNaGCkwSaF8Ws8aJ44MzgdQ=": {
            "valueMac": {
              "type": "Buffer",
              "data": "NNeABSL9W77ijw3EWd3V2bWyXJPw5RVUsOYwxDqpkQE="
            }
          },
          "g4iFbc+f86hE5ZVyFClK0se/DtzXqlhHSSVrOkenAyA=": {
            "valueMac": {
              "type": "Buffer",
              "data": "BMnQFkqd51xejUDRmz/wIGFrTo22NYU69PMpxXgGdtk="
            }
          },
          "PR2TtYz2u5A0t4KeruRU/VjPUIDE5Iwnk3u7gZ1v5mc=": {
            "valueMac": {
              "type": "Buffer",
              "data": "rlJiHR3kGPlsQ0E5Yw2uldKueR9H7dwZyzztZfccQpo="
            }
          },
          "D80zqKSUcDjyuNMDF+EMdcONa/Y+47s69pe0051o978=": {
            "valueMac": {
              "type": "Buffer",
              "data": "wpBd1sD88ZMabhi0If+KyrGNVggveyZcvIGnMysjaQo="
            }
          },
          "FNtNy/zr2iihnpQp6Yn5z2IcU1SA1uq4FAHCOekMxK8=": {
            "valueMac": {
              "type": "Buffer",
              "data": "61sNUI6aFMU0Eu5kQwgHNPp5cgdso3LmJTXadI+OX0Q="
            }
          },
          "Rsj/GjEHUVIl9Amqn1vKCnSqD1ncqpddP48JGJ+HHbI=": {
            "valueMac": {
              "type": "Buffer",
              "data": "Zg5ni7JwNdEWtpsDspmqNYvwB0wD0m4pqMXVCSQ8ZFk="
            }
          },
          "3flpAFTPjnox8wukthSFfPu93jx5d8lIy+5nncFtz3U=": {
            "valueMac": {
              "type": "Buffer",
              "data": "Xrj3i9auA6fwBFiQmBebkzKu14l1CCOKQPvxuT9zDn0="
            }
          },
          "6DQA/FMeHjSsLLYhjF6tQdz548/ZlXfpCII3SuoCUXI=": {
            "valueMac": {
              "type": "Buffer",
              "data": "DizXoMKgr/xkBEVPXJrWx+Q4MS0DSJKnVZKP6ck9SNY="
            }
          },
          "gMn+eycCzejpn1M/xMNyBTrc+ioKnIAxM+AeZlO9d5w=": {
            "valueMac": {
              "type": "Buffer",
              "data": "mGQXt6vL0g2o3vNx1dFvP08/nCjaJePkOXb5M5xc3k8="
            }
          },
          "28EZFOqyPRxWEDp0kF0j3F99o1B0hL5Pk2Qe4+zH36w=": {
            "valueMac": {
              "type": "Buffer",
              "data": "RmSLbPwu1z4L6hLTsygSsGoaSD/FrVBgJVtmFY5irsQ="
            }
          },
          "SlCIrvTOPuqehfjthS27gyoahGFZ3MvGL4VYFKy9Tcg=": {
            "valueMac": {
              "type": "Buffer",
              "data": "VajM0q141UfZHpT9h1i1VkpdW5NfiInJkF+a7yp3dDE="
            }
          },
          "AJTYwCWwFK4SzHzBcGRHMCA8g2hpFVqsXf58qZn7/xY=": {
            "valueMac": {
              "type": "Buffer",
              "data": "T8IR/efRYhnEKWc0e7f9wZOFJWvBGcq3KMzamyWiWgc="
            }
          },
          "5kiwoVWSHdlWvRgXyVYiCgISVRrL02uUHy8hydEq+bA=": {
            "valueMac": {
              "type": "Buffer",
              "data": "Znsscq0J2Ht9OCl7LC/eQx66RjJ3i20VZRioBSdd4Q0="
            }
          },
          "pCcaNiu99H6K/2dP30ikKjHVSWjxhFR5EHiB6q6kQOc=": {
            "valueMac": {
              "type": "Buffer",
              "data": "q/tIsbf3fADcVmMw8I1rxNrpIb6V0v7E9p/hha9IPws="
            }
          },
          "1wer6pX/quW8Z5INSHQSIuTyTLElTUGtbo6ynU1b7T8=": {
            "valueMac": {
              "type": "Buffer",
              "data": "iYls/cuypEITJ98Ng4XZw6cTncm4DadR4D/mvNPPyHk="
            }
          },
          "Qouh83iR/mS56F1CZaN+/zDuXd9PLQTha7cAaTegIig=": {
            "valueMac": {
              "type": "Buffer",
              "data": "y5ZT0CrSvbfBWYs0kNJrB9x86wSr4JF9XRSpguElEYI="
            }
          },
          "ofy+7m7bb3RDPGecNofYBEFf+o379STNz9BHTrIQzms=": {
            "valueMac": {
              "type": "Buffer",
              "data": "zs2liy1gAGBxQN9X1JmyM16/2jpE8oyCWqooqixGziw="
            }
          },
          "+W1MrjhhALEh9UiRXWBNxrGBOMZpxbAvdy67s86sFMg=": {
            "valueMac": {
              "type": "Buffer",
              "data": "qXpm3G0uBRCa5TgLuLnZ18DWY1TcPN4tgrLUg+NH4mA="
            }
          },
          "weRE4ch55fQz2hrREqQNpBYximb2h6qgtcITeWAHz7E=": {
            "valueMac": {
              "type": "Buffer",
              "data": "1oxfsbAR3fKTmqErPZk3XoUoa5usPGjXKzkQQL8GMKQ="
            }
          },
          "bLX9DoE6UFRxkqCSD7ZaKqIH2JadiqXEswXCZm8gtjU=": {
            "valueMac": {
              "type": "Buffer",
              "data": "qp+RB6T7N+lmYoVtyU3vIKmfh5uE6BEMXNWpF5lHP20="
            }
          },
          "QEpTCVGnlmVxRS5CjgvhC2szHAd6OpMPxdCYmtWoZS8=": {
            "valueMac": {
              "type": "Buffer",
              "data": "o1QbdhQXQem+2cr1tUzDayFZ+a4ZIsgIfjRF2n+7EH4="
            }
          },
          "0+/U1LbjO+Z1nqS0ztyF5o53e4Bv2+Sm2co3BGwJj6k=": {
            "valueMac": {
              "type": "Buffer",
              "data": "XlAd0vC7DA/sRZOCC/aLCFGneCmgTHMJCVYjY/axVJg="
            }
          },
          "MnqLIYNvWasIVTolC9S+VtXsxB/hWne28iQLXM3vofQ=": {
            "valueMac": {
              "type": "Buffer",
              "data": "hHxaUTcdvIplsV5lR+L5BEh4b0hWBWjKOq6tnUuQ8xs="
            }
          },
          "y6E6iZIXJgoOTuCFpApzy5Frny8ubLvTyw8JmUsKHFA=": {
            "valueMac": {
              "type": "Buffer",
              "data": "hQjtgVVRpwvkyspt06KYXaw2nu/UtufzxVUz1mRwhoQ="
            }
          },
          "7/UF5p7S+lYawwOdf3akiUF+03Dbn2x6ie4gAPfizjk=": {
            "valueMac": {
              "type": "Buffer",
              "data": "LeoMxY23AYF8No6D9+ZaT+gGBMsnOJdXn0IHJF/EKpg="
            }
          },
          "csweLvlzjS+hOk3wvjHHNptKS8BmB6yEYlI3P3Fc+eg=": {
            "valueMac": {
              "type": "Buffer",
              "data": "7k+gpBk6ACcz95g+VUQOjhSo5haGEx/JpRzcZ3pBJOY="
            }
          },
          "jNNKlUlN06U/CHkE+PsGaDB7wlT/e7m+n/joRSbwnDg=": {
            "valueMac": {
              "type": "Buffer",
              "data": "4o/2o6YJRJJQCaj1ccTQqKXOnxpB/ODb2HVVA86UscY="
            }
          },
          "CLuvbbLay5gX/YV3EolG7q07tEalE8zoiMPDnDncArs=": {
            "valueMac": {
              "type": "Buffer",
              "data": "buQ6r6TE8uGW1fZ1+TrJ8OJx2+7+Ur5MvWk/v6xQmFE="
            }
          },
          "9j/YUAsDr/lBBOCt2Txn2KpTQzgpEuZI+6gkttXgJ4I=": {
            "valueMac": {
              "type": "Buffer",
              "data": "qJdlppaSpcGusfqJDTuv0NR4pIMFbiZl3NrdYo+jPBc="
            }
          },
          "8exD54preoRna7XJvk0CyR9+OTzL+79ph7zw3oawUBI=": {
            "valueMac": {
              "type": "Buffer",
              "data": "5TUiHD1yQONi784OW/lZUIIj93qPCTV14C7Fig/71xM="
            }
          },
          "pmyddypU1hmj/whQ3MyQg2VOBg3+keIaqNQazIYncPk=": {
            "valueMac": {
              "type": "Buffer",
              "data": "LtfU53cUqL71CTp+JANricG2/hgi6x7ibN0WTAxF79o="
            }
          },
          "twDd9w56frRN8/u0yEwIMECh77HjSjqi/8ahgM2s8d8=": {
            "valueMac": {
              "type": "Buffer",
              "data": "avbGWXX/FpFHjC+fd5+38JNGIj2Z6h3oIOpbIE3fz9U="
            }
          },
          "ED+ZUdU4WmLgjBTxOdwjNIa6jek7aSrymgcNePyQ1HI=": {
            "valueMac": {
              "type": "Buffer",
              "data": "rkjqPUBDwa9JTCPjhnNxt16oNrLhRmMe1dYT4t1KpOE="
            }
          },
          "WhuEljaOGMQC7Ut5Wau8HnAqQRJjLgQL7UETRkzEF1w=": {
            "valueMac": {
              "type": "Buffer",
              "data": "aOS+Tshc+Q5zz7OYkScRi8JuloPUdxIxqjX5Gj3rjbc="
            }
          },
          "CI3klm1wKOsrAB4wWtYutLE6UbhsXKXNUSe58UmjYO0=": {
            "valueMac": {
              "type": "Buffer",
              "data": "s03jG/tuRbgwQ3KSTVKSBOPnyRLjwOWb2fuuDuN4R/s="
            }
          },
          "dLVoSG/7NWB7/XYhIagRq6GRo3fG9tHXgIEcXRkj6Gw=": {
            "valueMac": {
              "type": "Buffer",
              "data": "FAaBoQZG/3zvQB0M8iYqXae5BV91rf6itJKgAsEa2NI="
            }
          },
          "t2RbWakuRk1NfUzai72o2iDdYFEtd2f/JoFdj6Ma5XY=": {
            "valueMac": {
              "type": "Buffer",
              "data": "CRoF8mgqwdfE9nY0zcLppdbFIzy7oHisY+ZXMiIqTqo="
            }
          },
          "k8Gzw9sPnInDmB5Wh1zQMlhObkD/glhX2wIame0KpS4=": {
            "valueMac": {
              "type": "Buffer",
              "data": "bd+c5q7obBwtLs4wwYicPF9NLAMQkWCTue5AKX1hN90="
            }
          },
          "dB+24R0WcgYCKidHbGbc0/1jq9+J0Fd/8pp/vVROKvU=": {
            "valueMac": {
              "type": "Buffer",
              "data": "bSxA9i+0c0t3npL1a6QqUKaJTBRW7rD5uoEwYD2cFF0="
            }
          },
          "LB0bJfx8Fkthx4HrplNFSSWPzk2FW1UAfKeb4Z/y3d8=": {
            "valueMac": {
              "type": "Buffer",
              "data": "FxvZEVouq8XEsztCHSkp+Th2HJH5+pByqAmK/l09oG0="
            }
          },
          "Beoa/9SV8UHDKPWtgYQuhhtSVba9VtkRyfBzmVvbyGU=": {
            "valueMac": {
              "type": "Buffer",
              "data": "MXj+49WRszMFbTMPvVBD2sLgUVZfUw9uo/XDVuevjVE="
            }
          },
          "C6mjv6vK/xwNYTeQYKmcT8STpCfmlEnTweNAavE6Yp0=": {
            "valueMac": {
              "type": "Buffer",
              "data": "i0CQlh9+2ahC/1ayF6eGlKkjopF1Y+zSb0RYn0Z144Y="
            }
          },
          "5RBRBoEuclBlbDhTup2oNF35ztTEqDD6jd6DzYuAnGg=": {
            "valueMac": {
              "type": "Buffer",
              "data": "Kb9TPz5p735rm6m2aZRhYtUI+aUIsZV++M/+vmoC/Fo="
            }
          },
          "KxAKGOO2pReYTdD4nQDip3DmQjGz+ZWhXbGvPQDHPJY=": {
            "valueMac": {
              "type": "Buffer",
              "data": "52Q0dHGZWonzcpK+FAf3naF9Z5JEE/CDkfTJ+HfvE/8="
            }
          },
          "BKs+bVpDL3WDYTp5ubU9znTSGqr/yneuG3fLgGS5bu8=": {
            "valueMac": {
              "type": "Buffer",
              "data": "svqPKEuyKBFuf1huWnXN16FP6cTZXMHxl3+HAZUQcuc="
            }
          },
          "/a1UyCLpcxKtNJfXpIi5BIg5zNGgnw7B/OYgwDd6ZaA=": {
            "valueMac": {
              "type": "Buffer",
              "data": "tw227kB/duX0cHSFXH7i0rCD/YDTjo+Cp9yXjgz28oA="
            }
          },
          "zKQOqKCAvKi/ILdal0pgimArOUtrjebzCUQe09Sndvk=": {
            "valueMac": {
              "type": "Buffer",
              "data": "kqX7rOfM8QgmZDboXADshxzj7u6auSj4TEQYFnucO+c="
            }
          },
          "KrslWq4YftZrj4mMamabtw5TC7ib5w1yywvOpCWtD+E=": {
            "valueMac": {
              "type": "Buffer",
              "data": "Py9wCnykKyhNZVWOgHj6zpWjTj3k4AOQhNH0ahR2HtM="
            }
          },
          "ahxgzh0hsGCTFP/J8auR+SJ9LyvZKGRcwhEveIkqdhM=": {
            "valueMac": {
              "type": "Buffer",
              "data": "oeReLsyiBtc9SyuEJWFg6cEf1ij2kRq159uXwZlPACo="
            }
          },
          "cRKxq6sFejIawY69m8QcLSM2ApOR+TtpZK085hkTmPI=": {
            "valueMac": {
              "type": "Buffer",
              "data": "05AiZAwuFbQh0D7+t2BB4/zXMbluxP4Fhabm+Uar5MI="
            }
          },
          "ryXCq77d9bl/vve4y37fszKz8vXVwfNLG2lSxsLnzb8=": {
            "valueMac": {
              "type": "Buffer",
              "data": "5Yp9MeySVtWWtahU6YrDrGbsVY+cHWLgRvNWZZB3nOI="
            }
          },
          "DFbJsCSDpwPUD+0WuOPkaTRa7sTKx193H827V4yJVw8=": {
            "valueMac": {
              "type": "Buffer",
              "data": "57hfa4lt6S+w1YB4xEFnli9qpa6lPpuLbg9wGtfLENY="
            }
          },
          "dUHwsOIzeXv3QKTBv4mXad0gP0y9Tz5HlHAdc0KmgtI=": {
            "valueMac": {
              "type": "Buffer",
              "data": "cfGEpUiUiA52zUDI263mLi6phKwBPanDj7dKRc5oB8g="
            }
          },
          "ly3LxYl2ueFHHZVBIbfeZyu7SdvytOgyo3sCwEgZM7M=": {
            "valueMac": {
              "type": "Buffer",
              "data": "bMrBWdxjlDheqa9yt2QSF9Nt5u52O9oWUyrpcl+XCUo="
            }
          },
          "aYNAmczzaOsLNjvUF53MsLQ/95YaBPyiuepn1GoYFaU=": {
            "valueMac": {
              "type": "Buffer",
              "data": "owwDAHgSgEltE4sE2X4BdIjOUOlskfHbS5BATH65uOQ="
            }
          },
          "wexh0HKXw8IhRXvofdxqJRg/ReXLCBJrw3TPV0czRwM=": {
            "valueMac": {
              "type": "Buffer",
              "data": "69bUzdYwwkW4ZQCx6LByZgQio+mJQ0wnop7KeybRo6s="
            }
          },
          "jhp4PRyR01PaTdIKWzbPuVGxE/2xe/0JVoe6y3sldjg=": {
            "valueMac": {
              "type": "Buffer",
              "data": "EWPTW39gdXGn93Yl/WM5E/kWvKRZtAeSC5jyRdq6+YM="
            }
          },
          "zz+RtKOBRKo1y8/pPj6moXE0sFIKX/Ji11kkzuH4R30=": {
            "valueMac": {
              "type": "Buffer",
              "data": "2UaAxiSSzsvZ4Qac8fAQJ/SwoEulAF03cZ7OVxIFSHE="
            }
          },
          "6Q6sUIQeX7FfjF96Ccr7YLJ3rtQs4QYVWyNRnycvuD8=": {
            "valueMac": {
              "type": "Buffer",
              "data": "/fk0zoLqa4XzC1tDB+K9yINx4eC7nBOwKcJckVSeYDk="
            }
          },
          "HTMkYpVgyy6ru66JD45ltRclKj8F1FWSzRExGLt9dF8=": {
            "valueMac": {
              "type": "Buffer",
              "data": "ao/ugnZWN50q8kSIJoTs5YnnKMShvuJGbEAk9R3Gid0="
            }
          },
          "W0+wPEwVeQ/uXhXk/x6aGSGNzIP9tESaTQ+gGyMlcVY=": {
            "valueMac": {
              "type": "Buffer",
              "data": "RMoMnajojS1ouTE2jBEkchqruCB4GYnrJOX5VGsJX6c="
            }
          },
          "+8SH4eFtPI/ySYU35VOCeOnGrIY9hgMDa8yEkxDnv4A=": {
            "valueMac": {
              "type": "Buffer",
              "data": "uLOY10gFX2P1cDEhfuBGADbjSlBtI3vDxUGjr5M2XZE="
            }
          },
          "rAYHscBvXfMxGgjC0XbcNLUBAoLBQvQVZ0YUVOUBlrM=": {
            "valueMac": {
              "type": "Buffer",
              "data": "kyTMARYHWplXdvrMnUzLcAIBlohWNZpjM+vhsCfJi88="
            }
          },
          "pM3K6Ha1BeSy5gzUcWcM83xJB7m5ZbBBeTtXImfFYMg=": {
            "valueMac": {
              "type": "Buffer",
              "data": "KCQ2XVMnf6e8jG7gCF5zS6ikExRa/6QUf1qCBMOi0Zk="
            }
          },
          "KS/9SDqxeoJgu4pW8IlUTDt5y7rpDE5jZ7yE8tPQgXs=": {
            "valueMac": {
              "type": "Buffer",
              "data": "w86fc0Bcv5ZS/03VOo1pH/vX1MEw9gZF8qu8hFxH6JE="
            }
          },
          "Tmq75SY6czdKdp6z+B7h73ZHuxMe9kAh7ZeIZ7Aq7Kk=": {
            "valueMac": {
              "type": "Buffer",
              "data": "9t/w+Mp5kre8RGEO1e17L0Jveg6MSpml+kuIv7qrLw0="
            }
          },
          "xz8bz5rkokOgsl0rL/wbTB0fL1TiBoXq9swkBb9aHvs=": {
            "valueMac": {
              "type": "Buffer",
              "data": "4tZvrvYRFtL7v3s31k93NpFPs9Fu11k+iEGXmneSekw="
            }
          },
          "vHkLB41fqUwADhyHrZzRJ7GLxCqPzTP3JQDx3u1UIZg=": {
            "valueMac": {
              "type": "Buffer",
              "data": "Ud8diHzDU75i8rL9r0sOP1fuZULqxDMjDVzBgcofkOE="
            }
          },
          "Mv29i5BD7GgOWHHp5yFCe4JckobDOGJHEln3SuHWW5Q=": {
            "valueMac": {
              "type": "Buffer",
              "data": "pWsf4OIlylVwtdFjTu4E7VJ+0FYzrXbb9Ju9UEfSVbY="
            }
          },
          "R7pUxEj/KILa0wYxia/0t5zYyCY5vnrULkOila8KDsI=": {
            "valueMac": {
              "type": "Buffer",
              "data": "KifcaWg70I04tNkowKPGMEVinzeeq8WGTi3QoPzn1aU="
            }
          },
          "3jaBm1xk7hdRBtud63C7lSyRZCU0AU5ZjMoserqF4UY=": {
            "valueMac": {
              "type": "Buffer",
              "data": "4651X65Tns94LD1TPAxGniSiKCSNLeOmVRfLuHt9tpw="
            }
          },
          "H0hPDdmYUl3XPu7n6yLB1GJzvaUq5byZUlU51j0bgks=": {
            "valueMac": {
              "type": "Buffer",
              "data": "2wSKT05a7ozS0piY3fXPZ/HPpTJXQ0518w5OLhOkaPY="
            }
          },
          "DAo8gREykXEEaL6WNi3TBxw6gMJOrsMx3pRIrdy/3YA=": {
            "valueMac": {
              "type": "Buffer",
              "data": "NVtKnr157rrEs4IIZ5YjqtoREKXOydDW+fX11RLF/zE="
            }
          },
          "ylRNC4+cFMF9PT2EjeGaYUfD1e1C+YWvRa28rXxCfps=": {
            "valueMac": {
              "type": "Buffer",
              "data": "iKNqE87cHu91e19Nhq9+F415ZWvNKfjTi5yVSQINyt4="
            }
          },
          "KRSWBLoGLyQpCD1Pw52cYt7LK5pn0eElY8vJ32dZG1I=": {
            "valueMac": {
              "type": "Buffer",
              "data": "iiPRd7IVKma1TJ9VJCaIlOxOPjkrq2rCeGgSLtw98qQ="
            }
          },
          "Cpk5SkfPWYhLslAYX2AR+ZfrU7qPavSZazFRrGh74eQ=": {
            "valueMac": {
              "type": "Buffer",
              "data": "K4BserMMJZENn1u8jFxfBkHCLyaw0Kntt9lndnRO0X8="
            }
          },
          "KZXhqsmJ3qljMa2D2kD9/Xe5uwSqz+FtzZVoEgYDg8Q=": {
            "valueMac": {
              "type": "Buffer",
              "data": "UTLq0dlWjyV2tUks+7o6JbGmKiZWjJBzUQl/e+QFglc="
            }
          },
          "7k66iIIyLeqek8IY6jFtweFqyjJ0kMyCKLG3YopT6R0=": {
            "valueMac": {
              "type": "Buffer",
              "data": "DPorc1uWvugcJOqSUb3TA3GxGyD7Ebw3ebFCNmvll50="
            }
          },
          "Dx4MtXfJaLklGAFCXNtg76fwtwxpb7oZW8N9WJ2fqFk=": {
            "valueMac": {
              "type": "Buffer",
              "data": "Q2ZvuhDHBz8HKN//d1x7xzkjG3rAT/YvJO3qEkwHjQU="
            }
          },
          "o8f45FBu5d1guHj/7M097EorVEN4yb4D5zKP5xapw1E=": {
            "valueMac": {
              "type": "Buffer",
              "data": "rO+rAH0WywBund1uCoEanZiYa8zIJ2OyWDHjrMO3HQs="
            }
          },
          "FJ1/V3W5M15BnobWwu5BVjcmayLlfREIHPIvtZt+O6Y=": {
            "valueMac": {
              "type": "Buffer",
              "data": "l63UZz7AZuypCxisdRckDMmSGJGVQ5t5BySulEc1HjE="
            }
          },
          "jdndzLKjshto5afgc+/pdkbb9B29CHOD2qZkw31/h04=": {
            "valueMac": {
              "type": "Buffer",
              "data": "oeW0V9jEr0+8mJBFO2GXx8SxIRPXFN/e4CMfZpkr3Cg="
            }
          },
          "VaC4OY0cOIspDxG2UorgQv5EQ8NkMkI4/32ydvi/tm0=": {
            "valueMac": {
              "type": "Buffer",
              "data": "Mzi2mOhorvNxqSmCGwjPvyexZYr4DitSCVayikDS3C4="
            }
          },
          "V4AgYCOJnCdX0tpls02fy9lAnXNxc9/P9Xvxi48MeSA=": {
            "valueMac": {
              "type": "Buffer",
              "data": "0RH2lkW9yGdk3bukAPWTnnJhMx0poDf3lrP6RxGe0pg="
            }
          },
          "6SkoaAeoxd+82yJJAjNqP86b7+cGDdrDxEPqnxrL8yQ=": {
            "valueMac": {
              "type": "Buffer",
              "data": "cXtRDIpQ/vPRY+UtLfJnTfQiPVe6DtraazyGei+yYCk="
            }
          },
          "hhiCKzEURr8SNAhBxhxqZhLwaGBmPPcCORhtv1PtkNU=": {
            "valueMac": {
              "type": "Buffer",
              "data": "qTLfPH6yBI7+Zfj6LTpPlTLcPJ5DbJpqq24j6ykK5A8="
            }
          },
          "/Ve3LejdoNo58pyDnld7LfDYttdMEULIo3UoOLs7DwU=": {
            "valueMac": {
              "type": "Buffer",
              "data": "7dIPXo4fMFIrUucZuNqtoYIchEQfV589TVgBVZQjqDM="
            }
          },
          "MQrX9Fq8aVKJW0j4ZrmSEeGjAc/bTrfCzyPcg5vW6bY=": {
            "valueMac": {
              "type": "Buffer",
              "data": "qLRh1mzi/qiaz4nLOv6G4EZydhK6LFf66Lq+Rn/R7gE="
            }
          },
          "9N9mUrhD8ewAASP2DqOH/dzZahZyF3FUBvEZiHdMDwQ=": {
            "valueMac": {
              "type": "Buffer",
              "data": "FFglgp+elDNkjK0zFBecMCMvtxrGjJKFlnz3KKWVclY="
            }
          },
          "UJW4QmJVbOJVj7tGUws7BpPWQJ12D8lETjmq0Akk3EU=": {
            "valueMac": {
              "type": "Buffer",
              "data": "rpnUmrz4nJNchEvVXg+hvQQqNKSm9+TLVcoaRjimzB0="
            }
          },
          "sgjsVWrH3Aw2tWMh+hM4PK3v/LYoXdIF6GCexEDx3AY=": {
            "valueMac": {
              "type": "Buffer",
              "data": "tPzZGeB5Aflptu7NXa5QB2LghIUEVzPoAC553gyq4Ow="
            }
          },
          "CX3CwCB6LpvHeAjNCpEH1X3wpva2ESyHjXzTsVR4TwI=": {
            "valueMac": {
              "type": "Buffer",
              "data": "5hCIK8fwhyc4YALdisF3jDkKykZUMoFTwUErCFoLGro="
            }
          },
          "KuKA8CFHXLDIBNTWkQ96QVae4+4xBuqqPSo3tXg1MLo=": {
            "valueMac": {
              "type": "Buffer",
              "data": "+clEFeb8uXDB3ryUGmdXhOx7khZd1LBXvSAnY9ChhGA="
            }
          },
          "clecXZpwsCDxemJxTinQ4wieOHIBkE4TGfMbTBNLZwA=": {
            "valueMac": {
              "type": "Buffer",
              "data": "JixDX4WuLqfKYufyfe+FATFHOu7GAGOkoG3ekHrU224="
            }
          },
          "l3iJWhx437MgmKJd0Y6RU5abBM4xafS5jC4mb3Vz2RI=": {
            "valueMac": {
              "type": "Buffer",
              "data": "FfK3qAykN792Q0Q9GgCs2o3YHAan8aQ06GzeidwZLrw="
            }
          },
          "vwgkwadzXgRFCAhrAjie504b2ebci9WwxtY1oR7plss=": {
            "valueMac": {
              "type": "Buffer",
              "data": "rxWvpoZOVeHnAidvs8ns15BtjjjMQU4H9d0iSol3RXo="
            }
          },
          "VRq089wo8z9cEMPTeT/PAHBq3MfVMy7oM/Ex70gtdzE=": {
            "valueMac": {
              "type": "Buffer",
              "data": "ssnjy11pULpXVJ1T8SGaZUPu6HGs9chkP4vxAZOuVoU="
            }
          },
          "0QsM6+axdybYkdy9/xj15YItLBMz9hf7kLiS3LQTI80=": {
            "valueMac": {
              "type": "Buffer",
              "data": "viHzHpuoaoVMh6B3SojQ631Jrb+RVY9o3fRt8W+R2Vg="
            }
          },
          "bAltGwUr5j2vZE0T8Z9hrk3MwnkbA604Hv46n/CJfcM=": {
            "valueMac": {
              "type": "Buffer",
              "data": "FdnqGa9eF+I+Pk4IeKI1yC/wosWbKyvUt5Nv/KMK4EM="
            }
          },
          "BJDvUp/3YyiaCimXqlp1lRnQckdmS2JA8pOTUb0q8aY=": {
            "valueMac": {
              "type": "Buffer",
              "data": "hBBRb42PuQn611PFgRxW0gJJD+MsZRSAE5T3xhk1pRE="
            }
          },
          "bjzyinDsv/04Oj5JjgRtf+xFoz2FqG4aEmkqsPG5eEs=": {
            "valueMac": {
              "type": "Buffer",
              "data": "jyd9leBh6EgJIpQ4swjAFx5UzJedmyBUBMvycvGkd1I="
            }
          },
          "m9aF656TfPu866DljqJ4sGGDQ/sG/yJxcZqdjp999Ec=": {
            "valueMac": {
              "type": "Buffer",
              "data": "wF80PqHTJZQF4kEnN8MaUyjHPAM8EexIar8/q40YFR4="
            }
          },
          "nJhWHkBppqv3+W2Yb+dLqMXEshyRETf+/bRNKITZzPY=": {
            "valueMac": {
              "type": "Buffer",
              "data": "Ior4yHqPhCIXo3IMR5OhTQ3xwIgpVfpnpeQ1c+AOsKM="
            }
          },
          "p8XW3hcOdDcyI3T/44oLkHGFKJ0/FLnOgKLshc4KW9Y=": {
            "valueMac": {
              "type": "Buffer",
              "data": "u+uo5WH02V3en3i1LRyUiQYbSs8oMuuFfuZuUzyUH/U="
            }
          },
          "M0GtjN7Wz6nR4APGCRVR5zUPdS5BFmXUYQke0r2/VkA=": {
            "valueMac": {
              "type": "Buffer",
              "data": "W16/UL2pBuAg/j6NfLif5B+SW++F60HGmj80MNx10b8="
            }
          },
          "uI6tv/m/xuSX9U+GaFIrdtFdayhnZGTniI0gg0i1rX8=": {
            "valueMac": {
              "type": "Buffer",
              "data": "3/x/SkSTUSCkz9fdNlGuAsDipKah7fGGsUe2h+7l1Y4="
            }
          },
          "27TxYv7WWFKVI6CFkGkQBpuNSOOJGT+ximaWJFpj6tE=": {
            "valueMac": {
              "type": "Buffer",
              "data": "Up7L79wllVxfMVmokwehi7j53Z2CJ4fzqfIgixkvs30="
            }
          },
          "A5Yi9HbuOmycEWLpGQxNSLzGqZYbR/hc1KiRWGnTvf8=": {
            "valueMac": {
              "type": "Buffer",
              "data": "b/cRKSP6qlVo7UBQRC2R73RVixxyxCblnthnDl6SOHs="
            }
          },
          "wxMEKpl+FwqQP6fb8vgyvswBICFTPzN1hgq6DpcwWmA=": {
            "valueMac": {
              "type": "Buffer",
              "data": "eewV2YSbJ+xDUS3a/a4Q7KgIiZGtPEST3kalR7bDhB4="
            }
          },
          "e5X9O8r1VzV919gvmc4leOivPoqRGIW4WIWLV3uwOKE=": {
            "valueMac": {
              "type": "Buffer",
              "data": "7A/1lC6MTgHEC+AwFKu0vbTPJkCQt8DWA1XUDD/w02c="
            }
          },
          "nf9bFssrwqlj8HYQUddNulX/Gq2yVsrvJvj7aKTRXmI=": {
            "valueMac": {
              "type": "Buffer",
              "data": "TU+YShF5MCd/okix4PPAStQGZe8yMeKN2yajW8hIcjM="
            }
          },
          "SDwtv3/Mp3iNTsqwxoEayKwLOHT09SGd2y8+PGjZQpw=": {
            "valueMac": {
              "type": "Buffer",
              "data": "M45/ArAx9Z2xmt3KMHqa/8KyVTookE26Ezmnt6ELU6s="
            }
          },
          "2JZKy453A9vo4AUstA1DXUYxpFGMZCH/cVJR4S5Q0b4=": {
            "valueMac": {
              "type": "Buffer",
              "data": "pQkl2O/41U4en+DiBl0HJGO0Nn8tzOPSmVQdHz9GsYk="
            }
          },
          "BqjdEO5sMKSVO9WTR4pGcqPMl4qgG3x3hNokzcB1deQ=": {
            "valueMac": {
              "type": "Buffer",
              "data": "3zDFRT9mJIe2lCLlL1bWGI8Jz8d9CSzfd+3c2gajm8k="
            }
          },
          "JUzE9H7wEsRERrxaZtR1HOv9DkcGZB1Hozq0ssr2EwY=": {
            "valueMac": {
              "type": "Buffer",
              "data": "8VfO3QD3LPntke1EGN5+PCTq2kak4e/P91hYV7TB1Vk="
            }
          },
          "FIoDBcVCTUEy/DRPAHYKg2QSJVHpK/XII7nVLjvW4GY=": {
            "valueMac": {
              "type": "Buffer",
              "data": "0/sHU+6f7/eYAJBQDJDGuZbUii/NQDivjteGby391aQ="
            }
          },
          "GmL9WZjh28czosnYyZtyIOkxlikVuqfdxXoQTH+HB1g=": {
            "valueMac": {
              "type": "Buffer",
              "data": "+0qaY/Hpd5u2Ey6yeACMvGDVMxRxj+LafO19KsJ2ygM="
            }
          },
          "hDgonL4Yo7qBDPxL5WYWWvetFdw23tsIvqULxKPDlmU=": {
            "valueMac": {
              "type": "Buffer",
              "data": "DNY5/rlvrQyNsccR44QmCenWhrkFLIz44pUKZG4mmQ4="
            }
          },
          "cMjaYu+b/hfEjXnp9kr0X9yELdYs1vq5tUqT/IGwO6A=": {
            "valueMac": {
              "type": "Buffer",
              "data": "SuCoLqqpn+gBysNZnVioTG19KDjTPlFoCs+2wzZfwKU="
            }
          },
          "wdTsGriUopC3cYSMTlHvMVnotu3WEvJFncbDvoe+b3s=": {
            "valueMac": {
              "type": "Buffer",
              "data": "Dw7QbZOzeCk2zeMIEu47VQAwQ/Lf5Pl86sXcEWF4GAw="
            }
          },
          "yqHMDClfaqIeZ0q+gY8dqgp7tDXErw9Q5af0i3nqohQ=": {
            "valueMac": {
              "type": "Buffer",
              "data": "1nHfrfKAPFAmB1dFSmhgimNpZNwlZiQoUwYk2mFiD5g="
            }
          },
          "bX/2bK+xcCuBqLlO8i7f7l9rqdWqRAtlig0UazvkwhI=": {
            "valueMac": {
              "type": "Buffer",
              "data": "H9Z3j2Z2jinKWXQqNJZghpSZ+hh2Ij7qNtuMw2V5Lyk="
            }
          },
          "kDqCMNGTT2HcwrD/v64ais6o9UN6fu/P5mmV5LLJW4c=": {
            "valueMac": {
              "type": "Buffer",
              "data": "1kBI7G4BJEvk3KB+mVpaTe6FryvpD61q2hS58kW2xSA="
            }
          },
          "+KLb9iBkLBOlCICz7WSx7SViwKBM2JC8Bdux4PmWGnQ=": {
            "valueMac": {
              "type": "Buffer",
              "data": "wkQdroEBpp4ts961yTeHuxkrqxR8ibCde5iKtOWyXLs="
            }
          },
          "/jZcaMEcCDzVpVw5tCcW1zVT68xmrn88tinITB0A0LI=": {
            "valueMac": {
              "type": "Buffer",
              "data": "PYJlTncfHANnkP08l8LWZ0Z1j/FvHVmKPg4j5roNh1A="
            }
          },
          "I/NdqQ/Xra6FedYNGIz8DfE7Isxpn6qQmSYVMpCxO1U=": {
            "valueMac": {
              "type": "Buffer",
              "data": "3CNwZFL3sPVaehQMiJ2GeId4ESU3d4pNb2ErlY5ax90="
            }
          },
          "VX3x+Y76y9cG+81yuaQDmcoD0GDqoLzw+h3QQxNRwMw=": {
            "valueMac": {
              "type": "Buffer",
              "data": "WJd2SsxoP/HZn/NJgDtuHx2Gl7ZftuzkOEj9O3CnHnE="
            }
          },
          "JmsX9EjkpfzI0JkRqIxVsE+DFlM095A4J9L2CBma3sk=": {
            "valueMac": {
              "type": "Buffer",
              "data": "BIkykc1MblAjfwB8H7btY7WxPf9iMktRT0ZyqNM3lOM="
            }
          },
          "eeOyizr9zGvKMZCWJX8mKR2sAof5+2oT1KIY5LdWetE=": {
            "valueMac": {
              "type": "Buffer",
              "data": "qCROMud/0wQdO4/bBuk/qrahnLgQEAoZl5mbPDi6uaI="
            }
          },
          "p9cxTqvte1jW4wRfKeHE5XMIZb2hBndk6MER0PfA6Lo=": {
            "valueMac": {
              "type": "Buffer",
              "data": "NvEloJzqFtHkTwZzkFUg25hJREgr6ixi4hD0xzmEpSE="
            }
          },
          "LUuXJGWvtYvaknqsZU+tyFZd4YeZjlPn7tePCzcem3A=": {
            "valueMac": {
              "type": "Buffer",
              "data": "DUd+Kp5WaQ3296PT19Gt6pwDpde4YWZrkXFYthj9T1I="
            }
          },
          "6GMw7yi1MD37m04xlpqEkQheICKDFHCZXoNYSXMjWQg=": {
            "valueMac": {
              "type": "Buffer",
              "data": "83LHhPgh7KQwK689BogkiphSQvggfhTFy4oSf4STx3M="
            }
          },
          "UqwP+ImEZJ1icmOnEN+TxahoK/NImCNT0pKtFBJwOqA=": {
            "valueMac": {
              "type": "Buffer",
              "data": "fsPcz2He8H5Gp3xA39tr3zPS7bWXuSZ6QNBEy17sPqc="
            }
          },
          "i8Dw4QiJ+tBtZSFNdjTdcWFYHdA1ZzoPxrqsxdtbUjI=": {
            "valueMac": {
              "type": "Buffer",
              "data": "9eFCzD4NVVD0l9LlKh0lTOzPxliHiznIuzuJwJ6NMyA="
            }
          },
          "J5bBhmsx/3ZXKKED9WDjt/HY0a/kbzy2UymPMaFIBdw=": {
            "valueMac": {
              "type": "Buffer",
              "data": "yOX2iY2M36qqE1upIawcA5N/Kr8gNXh3OdPINC55JAk="
            }
          },
          "EU1Ep7LrIZifhETi6KNTD9wlA+DK14UcNgT9PTazfew=": {
            "valueMac": {
              "type": "Buffer",
              "data": "pSa0VRLEN/SvNP6v5IJEg0vEwcN9Yk2rb63j/ngL4vU="
            }
          },
          "igQKmjzKoFOwbbAz/D4fr2qD/E31WzHnwSfyDrJwepQ=": {
            "valueMac": {
              "type": "Buffer",
              "data": "Yy1EBjBQV1rTTMdV0KwNFpF4UNgWs6G5Ph/Ogb56SVQ="
            }
          },
          "qt+f5MI4/MucmsY23pUI2jcjWiRbcP7rwpNsRlekSsk=": {
            "valueMac": {
              "type": "Buffer",
              "data": "+hPaslFY1FPGbna512fMYe1fVnnvm2wiqKPNfgn4QnI="
            }
          }
        }
      },
      "regular_low": {
        "version": 1,
        "hash": {
          "type": "Buffer",
          "data": "pdfCxySwxSFs9hSed2XfWFthglINVX3fQ3OApaBc78uy5aOIlq6XxfyqdoRdsU/8zHDvPVEUKoNhhSpW2mQwNPJP8OBfpYD5ZdXKjClArVM6Le3yqfx3MSS/FO3d26AkH63lhVRKlkexipzABD2teRQSYFzMJq3QAOw2HilMMAo="
        },
        "indexValueMap": {
          "sqds3ACZJwW6PZziGd6W8TsyDvXxtE7IrEgXImXweiY=": {
            "valueMac": {
              "type": "Buffer",
              "data": "s28ttbvl0xIl+NQCS7EGUoQbq4kC9XdtYH2p0Q6d3Lg="
            }
          }
        }
      }
    }
  }
}