[{"id":"6283834558105@s.whatsapp.net","command":".tes"},{"id":"6283834558105@s.whatsapp.net","command":".tes"},{"id":"6283834558105@s.whatsapp.net","command":".menu"},{"id":"6283834558105@s.whatsapp.net","command":".join"},{"id":"6283834558105@s.whatsapp.net","command":".tes"},{"id":"6283834558105@s.whatsapp.net","command":".tes"},{"id":"6283834558105@s.whatsapp.net","command":".tes"},{"id":"6283834558105@s.whatsapp.net","command":".menu"},{"id":"6283834558105@s.whatsapp.net","command":".simi"},{"id":"6283834558105@s.whatsapp.net","command":".public"},{"id":"6283834558105@s.whatsapp.net","command":".nickml"},{"id":"6283834558105@s.whatsapp.net","command":".public"},{"id":"6283834558105@s.whatsapp.net","command":".tes"},{"id":"6287734276016@s.whatsapp.net","command":".tes"},{"id":"6283834558105@s.whatsapp.net","command":".self"},{"id":"6283834558105@s.whatsapp.net","command":".tes"},{"id":"6287734276016@s.whatsapp.net","command":".tes"},{"id":"6283834558105@s.whatsapp.net","command":".menu"},{"id":"6282384794860@s.whatsapp.net","command":"#menu"},{"id":"6282384794860@s.whatsapp.net","command":"#menu"},{"id":"6283834558105@s.whatsapp.net","command":".id"},{"id":"6283834558105@s.whatsapp.net","command":".id"},{"id":"6283834558105@s.whatsapp.net","command":".id"},{"id":"6283834558105@s.whatsapp.net","command":".tes"},{"id":"6283834558105@s.whatsapp.net","command":".karakter"},{"id":"6283834558105@s.whatsapp.net","command":".tes"},{"id":"6287734276016@s.whatsapp.net","command":".ssweb"},{"id":"6283834558105@s.whatsapp.net","command":".game2"},{"id":"6283834558105@s.whatsapp.net","command":".game2"},{"id":"6283834558105@s.whatsapp.net","command":".game2"},{"id":"6283834558105@s.whatsapp.net","command":".gamenya"},{"id":"6283834558105@s.whatsapp.net","command":".game2"},{"id":"6283834558105@s.whatsapp.net","command":".tes"},{"id":"6283834558105@s.whatsapp.net","command":".tes"},{"id":"6283834558105@s.whatsapp.net","command":".game2"},{"id":"6283834558105@s.whatsapp.net","command":".tes"},{"id":"6283834558105@s.whatsapp.net","command":".game2"},{"id":"6283834558105@s.whatsapp.net","command":".tes"},{"id":"6283834558105@s.whatsapp.net","command":".game2"},{"id":"6283137550315@s.whatsapp.net","command":".menu"},{"id":"6283834558105@s.whatsapp.net","command":".game2"},{"id":"6283834558105@s.whatsapp.net","command":".tes"},{"id":"6283834558105@s.whatsapp.net","command":".game2"},{"id":"6283834558105@s.whatsapp.net","command":".inventori"},{"id":"6283834558105@s.whatsapp.net","command":".inventori"},{"id":"6283834558105@s.whatsapp.net","command":".inventori"},{"id":"6283834558105@s.whatsapp.net","command":".gamenya"},{"id":"6283834558105@s.whatsapp.net","command":".game2"},{"id":"6283834558105@s.whatsapp.net","command":".profile"},{"id":"6285327003251@s.whatsapp.net","command":"#menu"},{"id":"6285327003251@s.whatsapp.net","command":".menu"},{"id":"6285327003251@s.whatsapp.net","command":".id"},{"id":"6283834558105@s.whatsapp.net","command":".tes"},{"id":"6281291155341@s.whatsapp.net","command":".menu"},{"id":"6283187857833@s.whatsapp.net","command":".menu"},{"id":"6287734276016@s.whatsapp.net","command":".hidetag"},{"id":"6283834558105@s.whatsapp.net","command":".gamenya"},{"id":"6283834558105@s.whatsapp.net","command":".gamenya"},{"id":"6283834558105@s.whatsapp.net","command":".tes"},{"id":"6283834558105@s.whatsapp.net","command":".menu"},{"id":"6283834558105@s.whatsapp.net","command":".menu"},{"id":"6283834558105@s.whatsapp.net","command":".tes"},{"id":"6283834558105@s.whatsapp.net","command":".tes"},{"id":"6283834558105@s.whatsapp.net","command":".tes"},{"id":"6283834558105@s.whatsapp.net","command":".tes"},{"id":"6283834558105@s.whatsapp.net","command":".tes"},{"id":"6287734276016@s.whatsapp.net","command":".hidetag"},{"id":"6283140361153@s.whatsapp.net","command":"/couple"},{"id":"6283140361153@s.whatsapp.net","command":"/couple"},{"id":"6283140361153@s.whatsapp.net","command":"/couple"},{"id":"6283140361153@s.whatsapp.net","command":"/couple"},{"id":"6283140361153@s.whatsapp.net","command":"/couple"},{"id":"6283140361153@s.whatsapp.net","command":"/couple"},{"id":"6283140361153@s.whatsapp.net","command":"/couple"},{"id":"6283140361153@s.whatsapp.net","command":"/couple"},{"id":"6283140361153@s.whatsapp.net","command":"/couple"},{"id":"6283140361153@s.whatsapp.net","command":"/couple"},{"id":"6283140361153@s.whatsapp.net","command":"/couple"},{"id":"6283140361153@s.whatsapp.net","command":"/couple"},{"id":"6283140361153@s.whatsapp.net","command":"/couple"},{"id":"6283140361153@s.whatsapp.net","command":"/couple"},{"id":"6283140361153@s.whatsapp.net","command":"/couple"},{"id":"6283140361153@s.whatsapp.net","command":"/couple"},{"id":"6283140361153@s.whatsapp.net","command":"/couple"},{"id":"6283140361153@s.whatsapp.net","command":"/couple"},{"id":"6283140361153@s.whatsapp.net","command":"/couple"},{"id":"6283140361153@s.whatsapp.net","command":"/couple"},{"id":"6283140361153@s.whatsapp.net","command":"/couple"},{"id":"6283140361153@s.whatsapp.net","command":"/couple"},{"id":"6283140361153@s.whatsapp.net","command":"/couple"},{"id":"6283140361153@s.whatsapp.net","command":"/couple"},{"id":"6283140361153@s.whatsapp.net","command":"/couple"},{"id":"6283140361153@s.whatsapp.net","command":"/couple"},{"id":"6283140361153@s.whatsapp.net","command":"/couple"},{"id":"6283140361153@s.whatsapp.net","command":"/couple"},{"id":"6283140361153@s.whatsapp.net","command":"/couple"},{"id":"6283140361153@s.whatsapp.net","command":"/menu"},{"id":"6283140361153@s.whatsapp.net","command":"/couple"},{"id":"6283140361153@s.whatsapp.net","command":"/couple"},{"id":"6283140361153@s.whatsapp.net","command":"/couple"},{"id":"6283140361153@s.whatsapp.net","command":"/couple"},{"id":"6283140361153@s.whatsapp.net","command":"/couple"},{"id":"6283140361153@s.whatsapp.net","command":"/couple"},{"id":"6283140361153@s.whatsapp.net","command":"/couple"},{"id":"6283140361153@s.whatsapp.net","command":"/couple"},{"id":"6283140361153@s.whatsapp.net","command":"/couple"},{"id":"6283140361153@s.whatsapp.net","command":"/couple"},{"id":"6283140361153@s.whatsapp.net","command":"/couple"},{"id":"6283140361153@s.whatsapp.net","command":"/couple"},{"id":"6283140361153@s.whatsapp.net","command":"/couple"},{"id":"6283140361153@s.whatsapp.net","command":"/couple"},{"id":"6283140361153@s.whatsapp.net","command":"/couple"},{"id":"6283140361153@s.whatsapp.net","command":"/couple"},{"id":"6283140361153@s.whatsapp.net","command":"/couple"},{"id":"6283140361153@s.whatsapp.net","command":"/couple"},{"id":"6283140361153@s.whatsapp.net","command":"/couple"},{"id":"6283140361153@s.whatsapp.net","command":"/couple"},{"id":"6283140361153@s.whatsapp.net","command":"/couple"},{"id":"6283140361153@s.whatsapp.net","command":"/couple"},{"id":"6283140361153@s.whatsapp.net","command":"/menu"},{"id":"6283140361153@s.whatsapp.net","command":"/menu"},{"id":"6283834558105@s.whatsapp.net","command":".tes"},{"id":"6281388506085@s.whatsapp.net","command":".ytmp4"},{"id":"6281388506085@s.whatsapp.net","command":".ytmp4"},{"id":"6282138899290@s.whatsapp.net","command":".ytmp4"},{"id":"6282138899290@s.whatsapp.net","command":".ytmp4"},{"id":"6282285357346@s.whatsapp.net","command":".menu"},{"id":"6281212536180@s.whatsapp.net","command":".menu"},{"id":"6281212536180@s.whatsapp.net","command":".menu"},{"id":"6281212536180@s.whatsapp.net","command":".menu"},{"id":"6287724767961@s.whatsapp.net","command":"/menu"},{"id":"6287724767961@s.whatsapp.net","command":".menu"},{"id":"6282274499424@s.whatsapp.net","command":".menu"},{"id":"6283834558105@s.whatsapp.net","command":".tes"},{"id":"6289671327839@s.whatsapp.net","command":".menu"},{"id":"6282179298909@s.whatsapp.net","command":"#menu"},{"id":"6282285357346@s.whatsapp.net","command":".menu"},{"id":"6282123237302@s.whatsapp.net","command":".menu"},{"id":"6282123237302@s.whatsapp.net","command":".menu"},{"id":"6282123237302@s.whatsapp.net","command":"#menu"},{"id":"6283834558105@s.whatsapp.net","command":".tes"},{"id":"6283834558105@s.whatsapp.net","command":".tes"},{"id":"6283834558105@s.whatsapp.net","command":".tes"},{"id":"6283834558105@s.whatsapp.net","command":".tes"},{"id":"6283834558105@s.whatsapp.net","command":".tes"},{"id":"6283834558105@s.whatsapp.net","command":".tes"},{"id":"6283834558105@s.whatsapp.net","command":".tes"},{"id":"6282123237302@s.whatsapp.net","command":".menu"},{"id":"6282123237302@s.whatsapp.net","command":".menu"},{"id":"6282275576880@s.whatsapp.net","command":".menu"},{"id":"6282275576880@s.whatsapp.net","command":".menu"},{"id":"6283834558105@s.whatsapp.net","command":".tes"},{"id":"6283834558105@s.whatsapp.net","command":".tes"},{"id":"6283834558105@s.whatsapp.net","command":".tes"},{"id":"6283834558105@s.whatsapp.net","command":".tes"},{"id":"6283834558105@s.whatsapp.net","command":".tes"},{"id":"6282275576880@s.whatsapp.net","command":".menu"},{"id":"6283834558105@s.whatsapp.net","command":".tes"},{"id":"6283834558105@s.whatsapp.net","command":".join"},{"id":"6283834558105@s.whatsapp.net","command":".join"},{"id":"6283834558105@s.whatsapp.net","command":".tes"},{"id":"6283138644643@s.whatsapp.net","command":".tes"},{"id":"6283834558105@s.whatsapp.net","command":".tes"},{"id":"6283834558105@s.whatsapp.net","command":".menu"},{"id":"6283138644643@s.whatsapp.net","command":".ping"},{"id":"6283138644643@s.whatsapp.net","command":".menu"},{"id":"6282275576880@s.whatsapp.net","command":".owner"},{"id":"6283138644643@s.whatsapp.net","command":".changeproses"},{"id":"6283138644643@s.whatsapp.net","command":"p"},{"id":"6283834558105@s.whatsapp.net","command":".menu"},{"id":"6281228427795@s.whatsapp.net","command":".menu"},{"id":"6283834558105@s.whatsapp.net","command":".tes"},{"id":"6281369840283@s.whatsapp.net","command":".menu"},{"id":"6281369840283@s.whatsapp.net","command":".play"},{"id":"6281369840283@s.whatsapp.net","command":".ytmp4"},{"id":"6281369840283@s.whatsapp.net","command":".ytmp3"},{"id":"6288289729139@s.whatsapp.net","command":".menu"},{"id":"6288289729139@s.whatsapp.net","command":".menu"},{"id":"6283834558105@s.whatsapp.net","command":".tes"},{"id":"6283834558105@s.whatsapp.net","command":".tes"},{"id":"6281369840283@s.whatsapp.net","command":".play"},{"id":"6283138644643@s.whatsapp.net","command":".addlist"},{"id":"6283138644643@s.whatsapp.net","command":".list"},{"id":"6283834558105@s.whatsapp.net","command":".tes"},{"id":"6283834558105@s.whatsapp.net","command":".tes"},{"id":"6283834558105@s.whatsapp.net","command":".tes"},{"id":"6283834558105@s.whatsapp.net","command":".tes"},{"id":"6283138644643@s.whatsapp.net","command":".list"},{"id":"6283834558105@s.whatsapp.net","command":".tes"},{"id":"6283834558105@s.whatsapp.net","command":".deposit"},{"id":"6288289729139@s.whatsapp.net","command":".menu"},{"id":"6283138644643@s.whatsapp.net","command":".dellist"},{"id":"6283834558105@s.whatsapp.net","command":".notifowner"},{"id":"6283834558105@s.whatsapp.net","command":".tes"},{"id":"6283834558105@s.whatsapp.net","command":".tes"},{"id":"6283834558105@s.whatsapp.net","command":".topup"},{"id":"6283834558105@s.whatsapp.net","command":".del"},{"id":"6283834558105@s.whatsapp.net","command":"00"},{"id":"6283834558105@s.whatsapp.net","command":"00"},{"id":"6288289729139@s.whatsapp.net","command":".owner"},{"id":"6283138644643@s.whatsapp.net","command":".menu"},{"id":"6282216911687@s.whatsapp.net","command":"#menu"},{"id":"6282216911687@s.whatsapp.net","command":"#ssweb"},{"id":"6283138644643@s.whatsapp.net","command":".ping"},{"id":"6283834558105@s.whatsapp.net","command":".menu"},{"id":"6283138644643@s.whatsapp.net","command":".promote"},{"id":"6283834558105@s.whatsapp.net","command":".antiwame"},{"id":"6283138644643@s.whatsapp.net","command":".add"},{"id":"6283834558105@s.whatsapp.net","command":".antilink"},{"id":"6283138644643@s.whatsapp.net","command":".linkgc"},{"id":"6283138644643@s.whatsapp.net","command":".add"},{"id":"6283138644643@s.whatsapp.net","command":".antilink"},{"id":"6283834558105@s.whatsapp.net","command":".antilink"},{"id":"6283138644643@s.whatsapp.net","command":".antilink"},{"id":"6283138644643@s.whatsapp.net","command":".add"},{"id":"6283834558105@s.whatsapp.net","command":".setwelcome"},{"id":"6283138644643@s.whatsapp.net","command":".promote"},{"id":"6283138644643@s.whatsapp.net","command":".menu"},{"id":"6283138644643@s.whatsapp.net","command":".addlist"},{"id":"6283138644643@s.whatsapp.net","command":".dellist"},{"id":"6283138644643@s.whatsapp.net","command":".kali"},{"id":"6283138644643@s.whatsapp.net","command":".tambah"},{"id":"6283138644643@s.whatsapp.net","command":".kurang"},{"id":"6283138644643@s.whatsapp.net","command":"#bagi"},{"id":"6283138644643@s.whatsapp.net","command":".ping"},{"id":"6283138644643@s.whatsapp.net","command":",ping"},{"id":"62882006485504@s.whatsapp.net","command":".menu"},{"id":"6283138644643@s.whatsapp.net","command":".setp"},{"id":"6283834558105@s.whatsapp.net","command":".tes"},{"id":"6283138644643@s.whatsapp.net","command":"#setd"},{"id":"6283138644643@s.whatsapp.net","command":".delsetp"},{"id":"6283138644643@s.whatsapp.net","command":".delsetdone"},{"id":"6283834558105@s.whatsapp.net","command":".ytmp3"},{"id":"6283834558105@s.whatsapp.net","command":".tes"},{"id":"6283834558105@s.whatsapp.net","command":".add"},{"id":"6283138644643@s.whatsapp.net","command":".kick"},{"id":"6283834558105@s.whatsapp.net","command":".menu"},{"id":"6283834558105@s.whatsapp.net","command":".simi"},{"id":"6283834558105@s.whatsapp.net","command":".tes"},{"id":"6283834558105@s.whatsapp.net","command":".tes"},{"id":"6283834558105@s.whatsapp.net","command":".tes"},{"id":"6283834558105@s.whatsapp.net","command":".tes"},{"id":"628813183098@s.whatsapp.net","command":".menu"},{"id":"6283138644643@s.whatsapp.net","command":".ping"},{"id":"6283834558105@s.whatsapp.net","command":".tes"},{"id":"6283834558105@s.whatsapp.net","command":".del"},{"id":"6283138644643@s.whatsapp.net","command":".ping"},{"id":"6283138644643@s.whatsapp.net","command":".close"},{"id":"6283138644643@s.whatsapp.net","command":".open"},{"id":"6283138644643@s.whatsapp.net","command":".addlist"},{"id":"6283138644643@s.whatsapp.net","command":".list"},{"id":"6283138644643@s.whatsapp.net","command":".dellist"},{"id":"6283138644643@s.whatsapp.net","command":".addlist"},{"id":"6283138644643@s.whatsapp.net","command":".list"},{"id":"6283138644643@s.whatsapp.net","command":".linkgc"},{"id":"6283138644643@s.whatsapp.net","command":".linkgc"},{"id":"6283138644643@s.whatsapp.net","command":".linkgc"},{"id":"6283138644643@s.whatsapp.net","command":".hidetag"},{"id":"6283138644643@s.whatsapp.net","command":".revoke"},{"id":"6283138644643@s.whatsapp.net","command":".welcome"},{"id":"6283138644643@s.whatsapp.net","command":".ping"},{"id":"6283138644643@s.whatsapp.net","command":".ping"},{"id":"6283138644643@s.whatsapp.net","command":".pm"},{"id":"6283138644643@s.whatsapp.net","command":".demote"},{"id":"6283138644643@s.whatsapp.net","command":".addkey"},{"id":"6288289729139@s.whatsapp.net","command":".menu"},{"id":"6283834558105@s.whatsapp.net","command":".tes"},{"id":"6283138644643@s.whatsapp.net","command":".setkey"},{"id":"6283834558105@s.whatsapp.net","command":".menu"},{"id":"6283138644643@s.whatsapp.net","command":".listkey"},{"id":"6283138644643@s.whatsapp.net","command":".tes"},{"id":"6283138644643@s.whatsapp.net","command":".ping"},{"id":"6283138644643@s.whatsapp.net","command":".menu"},{"id":"6283138644643@s.whatsapp.net","command":".menu"},{"id":"6283138644643@s.whatsapp.net","command":".menu"},{"id":"6283834558105@s.whatsapp.net","command":".menu"},{"id":"6283138644643@s.whatsapp.net","command":".ping"},{"id":"6283138644643@s.whatsapp.net","command":".menu"},{"id":"6283138644643@s.whatsapp.net","command":".menu"},{"id":"6283138644643@s.whatsapp.net","command":".menu"},{"id":"6283138644643@s.whatsapp.net","command":".kick"},{"id":"6283138644643@s.whatsapp.net","command":".add"},{"id":"6283834558105@s.whatsapp.net","command":".menu"},{"id":"6283138644643@s.whatsapp.net","command":".menu"},{"id":"6283834558105@s.whatsapp.net","command":".menu"},{"id":"6283138644643@s.whatsapp.net","command":".menu"},{"id":"6283138644643@s.whatsapp.net","command":".list"},{"id":"6283834558105@s.whatsapp.net","command":".menu"},{"id":"6283138644643@s.whatsapp.net","command":".menu"},{"id":"6283834558105@s.whatsapp.net","command":".menu"},{"id":"6283834558105@s.whatsapp.net","command":".menu"},{"id":"6283834558105@s.whatsapp.net","command":".menu"},{"id":"6283834558105@s.whatsapp.net","command":".menu"},{"id":"6283834558105@s.whatsapp.net","command":".tes"},{"id":"6283834558105@s.whatsapp.net","command":".tes"},{"id":"6283834558105@s.whatsapp.net","command":".menu"},{"id":"6283834558105@s.whatsapp.net","command":".menu"},{"id":"6283834558105@s.whatsapp.net","command":".menu"},{"id":"6283834558105@s.whatsapp.net","command":".tes"},{"id":"6283834558105@s.whatsapp.net","command":".public"},{"id":"6281915061498@s.whatsapp.net","command":".ytmp4"},{"id":"6281915061498@s.whatsapp.net","command":".ytmp4"},{"id":"6281915061498@s.whatsapp.net","command":".ytmp4"},{"id":"6281915061498@s.whatsapp.net","command":".ytmp4"},{"id":"6281915061498@s.whatsapp.net","command":".ytmp4"},{"id":"6281915061498@s.whatsapp.net","command":".ytmp4"},{"id":"6283854147423@s.whatsapp.net","command":",menu"},{"id":"6283834558105@s.whatsapp.net","command":".tes"},{"id":"6283834558105@s.whatsapp.net","command":".infogc"},{"id":"6283834558105@s.whatsapp.net","command":".tes"},{"id":"6289653759599@s.whatsapp.net","command":".menu"},{"id":"6287734276016@s.whatsapp.net","command":".hidetag"},{"id":"6283834558105@s.whatsapp.net","command":".tes"},{"id":"6283834558105@s.whatsapp.net","command":".menu"},{"id":"6283834558105@s.whatsapp.net","command":".play"},{"id":"6283834558105@s.whatsapp.net","command":".play"},{"id":"6283834558105@s.whatsapp.net","command":".play"},{"id":"6283834558105@s.whatsapp.net","command":".play"},{"id":"6283834558105@s.whatsapp.net","command":".play"},{"id":"6283834558105@s.whatsapp.net","command":".topup"},{"id":"6283834558105@s.whatsapp.net","command":".addlist"},{"id":"6283834558105@s.whatsapp.net","command":".list"},{"id":"6283834558105@s.whatsapp.net","command":".list"},{"id":"6283834558105@s.whatsapp.net","command":".list"},{"id":"6283834558105@s.whatsapp.net","command":".list"},{"id":"6283834558105@s.whatsapp.net","command":".list"},{"id":"6283834558105@s.whatsapp.net","command":".list"},{"id":"6283834558105@s.whatsapp.net","command":".list"},{"id":"6283834558105@s.whatsapp.net","command":".list"},{"id":"6283834558105@s.whatsapp.net","command":".list"},{"id":"6283834558105@s.whatsapp.net","command":".list"},{"id":"6283834558105@s.whatsapp.net","command":".list"},{"id":"6283834558105@s.whatsapp.net","command":".tes"},{"id":"6283834558105@s.whatsapp.net","command":".addlist"},{"id":"6283834558105@s.whatsapp.net","command":".list"},{"id":"6283834558105@s.whatsapp.net","command":".list"},{"id":"6283834558105@s.whatsapp.net","command":".list"},{"id":"6283834558105@s.whatsapp.net","command":".tes"},{"id":"6283834558105@s.whatsapp.net","command":".menu"},{"id":"6283834558105@s.whatsapp.net","command":".menu"},{"id":"6283834558105@s.whatsapp.net","command":".games"},{"id":"6283834558105@s.whatsapp.net","command":".tes"},{"id":"6283834558105@s.whatsapp.net","command":".tes"},{"id":"6283834558105@s.whatsapp.net","command":".menu"},{"id":"6283834558105@s.whatsapp.net","command":".menu"},{"id":"6283834558105@s.whatsapp.net","command":".tes"},{"id":"6283834558105@s.whatsapp.net","command":".tes"},{"id":"6283834558105@s.whatsapp.net","command":".menu"},{"id":"6283834558105@s.whatsapp.net","command":".menu"},{"id":"6283834558105@s.whatsapp.net","command":".menu"},{"id":"6283834558105@s.whatsapp.net","command":".tes"},{"id":"6283834558105@s.whatsapp.net","command":".menu"},{"id":"6283834558105@s.whatsapp.net","command":".menu"},{"id":"6283834558105@s.whatsapp.net","command":".truth"},{"id":"6283834558105@s.whatsapp.net","command":".truth"},{"id":"6283834558105@s.whatsapp.net","command":".truth"},{"id":"6283834558105@s.whatsapp.net","command":".truth"},{"id":"6283834558105@s.whatsapp.net","command":".dare"},{"id":"6283834558105@s.whatsapp.net","command":".dare"},{"id":"6283834558105@s.whatsapp.net","command":".tes"},{"id":"6283834558105@s.whatsapp.net","command":".dare"},{"id":"6283834558105@s.whatsapp.net","command":".dare"},{"id":"6283834558105@s.whatsapp.net","command":".dare"},{"id":"6283834558105@s.whatsapp.net","command":".dare"},{"id":"6283834558105@s.whatsapp.net","command":".play"},{"id":"6283834558105@s.whatsapp.net","command":".play"},{"id":"6283834558105@s.whatsapp.net","command":".play"},{"id":"6283834558105@s.whatsapp.net","command":".gopay"},{"id":"6283834558105@s.whatsapp.net","command":".topupff"},{"id":"6283834558105@s.whatsapp.net","command":".tp1"},{"id":"6283834558105@s.whatsapp.net","command":".tes"},{"id":"6283834558105@s.whatsapp.net","command":".menu"},{"id":"6283834558105@s.whatsapp.net","command":".tes"},{"id":"6283834558105@s.whatsapp.net","command":".tes"},{"id":"6283834558105@s.whatsapp.net","command":".tes"},{"id":"6283834558105@s.whatsapp.net","command":".tes"},{"id":"6283834558105@s.whatsapp.net","command":".tes"},{"id":"6283834558105@s.whatsapp.net","command":".tes"},{"id":"6283834558105@s.whatsapp.net","command":".tes"},{"id":"6283834558105@s.whatsapp.net","command":".tes"},{"id":"6283834558105@s.whatsapp.net","command":".left"},{"id":"6283834558105@s.whatsapp.net","command":".tes"},{"id":"6283834558105@s.whatsapp.net","command":".tes"},{"id":"6283834558105@s.whatsapp.net","command":".tes"},{"id":"6283834558105@s.whatsapp.net","command":".add"},{"id":"6283834558105@s.whatsapp.net","command":".tes"},{"id":"6283834558105@s.whatsapp.net","command":".tes"},{"id":"6283834558105@s.whatsapp.net","command":".kick"},{"id":"6283834558105@s.whatsapp.net","command":".add"},{"id":"6283834558105@s.whatsapp.net","command":".tes"},{"id":"6283834558105@s.whatsapp.net","command":".kick"},{"id":"6283834558105@s.whatsapp.net","command":".add"},{"id":"6283834558105@s.whatsapp.net","command":".kick"},{"id":"6283834558105@s.whatsapp.net","command":".tes"},{"id":"6283834558105@s.whatsapp.net","command":".add"},{"id":"6283834558105@s.whatsapp.net","command":".kick"},{"id":"6283834558105@s.whatsapp.net","command":".add"},{"id":"6283834558105@s.whatsapp.net","command":".kick"},{"id":"6283834558105@s.whatsapp.net","command":".tes"},{"id":"6283834558105@s.whatsapp.net","command":".tes"},{"id":"6283834558105@s.whatsapp.net","command":".tes"},{"id":"6285327003251@s.whatsapp.net","command":".menu"},{"id":"6285789004759@s.whatsapp.net","command":".menu"},{"id":"6283834558105@s.whatsapp.net","command":".tes"},{"id":"6283834558105@s.whatsapp.net","command":".exif"},{"id":"6283834558105@s.whatsapp.net","command":".tes"},{"id":"6283834558105@s.whatsapp.net","command":".tes"},{"id":"6283834558105@s.whatsapp.net","command":".exif"},{"id":"6283834558105@s.whatsapp.net","command":".tes"},{"id":"6283834558105@s.whatsapp.net","command":".exif"},{"id":"6283834558105@s.whatsapp.net","command":".exif"},{"id":"6283834558105@s.whatsapp.net","command":".exif"},{"id":"6283834558105@s.whatsapp.net","command":".exif"},{"id":"6283834558105@s.whatsapp.net","command":".exif"},{"id":"6283834558105@s.whatsapp.net","command":".exif"},{"id":"6283834558105@s.whatsapp.net","command":".exif"},{"id":"6283834558105@s.whatsapp.net","command":".exif"},{"id":"6283834558105@s.whatsapp.net","command":".exif"},{"id":"6283834558105@s.whatsapp.net","command":".exif"},{"id":"6283834558105@s.whatsapp.net","command":".tes"},{"id":"6285773855810@s.whatsapp.net","command":"#menu"},{"id":"6285773855810@s.whatsapp.net","command":"#menu"},{"id":"6283834558105@s.whatsapp.net","command":".tes"},{"id":"6283834558105@s.whatsapp.net","command":".tes"},{"id":"6283834558105@s.whatsapp.net","command":".tes"}]