[
{
    "index": 0,
    "result": {
    "title": "© Random Asupan",
    "url":"https://l.top4top.io/m_2034bra5t0.mp4"
    }
    },
{
    "index": 1,
    "result": {
    "title": "© Random Asupan",
     "url":"https://i.top4top.io/m_20346wtuk5.mp4"
          }
    },
{
    "index": 2,
    "result": {
    "title": "© Random Asupan",
     "url":"https://f.top4top.io/m_20344mmsf6.mp4"     }
    },
{
    "index": 3,
    "result": {
    "title": "© Random Asupan",
     "url":"https://f.top4top.io/m_2034fnq5u3.mp4"     }
    },
{
    "index": 4,
    "result": {
    "title": "© Random Asupan",
     "url":"https://c.top4top.io/m_2034ynv7c3.mp4"     }
    },
{
    "index": 5,
    "result": {
    "title": "© Random Asupan",
     "url":"https://j.top4top.io/m_2034fys5p6.mp4"     }
    },
{
    "index": 6,
    "result": {
    "title": "© Random Asupan",
     "url":"https://h.top4top.io/m_2034mkqte7.mp4"     }
    },
{
    "index": 7,
    "result": {
    "title": "© Random Asupan",
     "url":"https://g.top4top.io/m_2034o4mqg7.mp4"     }
    },
{
    "index": 8,
    "result": {
    "title": "© Random Asupan",
     "url":"https://j.top4top.io/m_2034j0tmz9.mp4"     }
    },
{
    "index": 9,
    "result": {
    "title": "© Random Asupan",
     "url":"https://b.top4top.io/m_2034kq0xg1.mp4"     }
    },
{
    "index": 10,
    "result": {
    "title": "© Random Asupan",
     "url":"https://a.top4top.io/m_20348g7av1.mp4"     }
    },
{
    "index": 11,
    "result": {
    "title": "© Random Asupan",
     "url":"https://l.top4top.io/m_2034bra5t0.mp4"     }
    },
{
    "index": 12,
    "result": {
    "title": "© Random Asupan",
     "url":"https://a.top4top.io/m_20348jsxs0.mp4"     }
    },
{
    "index": 13,
    "result": {
    "title": "© Random Asupan",
     "url":"https://i.top4top.io/m_2034m5qfs9.mp4"     }
    },
{
    "index": 14,
    "result": {
    "title": "© Random Asupan",
     "url":"https://f.top4top.io/m_2034qmt7a5.mp4"     }
    },
{
    "index": 15,
    "result": {
    "title": "© Random Asupan",
     "url":"https://i.top4top.io/m_2034upxk98.mp4"     }
    },
{
    "index": 16,
    "result": {
    "title": "© Random Asupan",
     "url":"https://c.top4top.io/m_2034l2bup0.mp4"     }
    },
{
    "index": 17,
    "result": {
    "title": "© Random Asupan",
     "url":"https://h.top4top.io/m_2034ixyuh8.mp4"     }
    },
{
    "index": 18,
    "result": {
    "title": "© Random Asupan",
     "url":"https://e.top4top.io/m_2034zool45.mp4"     }
    },
{
    "index": 19,
    "result": {
    "title": "© Random Asupan",
     "url":"https://e.top4top.io/m_1930wespy0.mp4"     }
    },
{
    "index": 20,
    "result": {
    "title": "© Random Asupan",
     "url":"https://e.top4top.io/m_19303zfi20.mp4"     }
    },
{
    "index": 21,
    "result": {
    "title": "© Random Asupan",
     "url":"https://j.top4top.io/m_1930t00kx0.mp4"     }
    },
{
    "index": 22,
    "result": {
    "title": "© Random Asupan",
     "url":"https://e.top4top.io/m_1930kx7hi0.mp4"     }
    },
{
    "index": 0,
    "result": {
    "title": "© Random Asupan",
     "url":"https://c.top4top.io/m_19307g6kd0.mp4"     }
    },
{
    "index": 0,
    "result": {
    "title": "© Random Asupan",
     "url":"https://f.top4top.io/m_19306yk4c0.mp4"     }
    },
{
    "index": 0,
    "result": {
    "title": "© Random Asupan",
     "url":"https://i.top4top.io/m_1930y1u780.mp4"     }
    },
{
    "index": 0,
    "result": {
    "title": "© Random Asupan",
     "url":"https://j.top4top.io/m_1930ilsyy0.mp4"     }
    },
{
    "index": 0,
    "result": {
    "title": "© Random Asupan",
     "url":"https://i.top4top.io/m_19301948b0.mp4"     }
    },
{
    "index": 0,
    "result": {
    "title": "© Random Asupan",
     "url":"https://d.top4top.io/m_1930zg8460.mp4"     }
    },
{
    "index": 0,
    "result": {
    "title": "© Random Asupan",
     "url":"https://i.top4top.io/m_19301yozl0.mp4"     }
    },
{
    "index": 0,
    "result": {
    "title": "© Random Asupan",
     "url":"https://g.top4top.io/m_1930qjr2q0.mp4"     }
    },
{
    "index": 0,
    "result": {
    "title": "© Random Asupan",
     "url":"https://l.top4top.io/m_1930x1wp50.mp4"     }
    },
{
    "index": 0,
    "result": {
    "title": "© Random Asupan",
     "url":"https://a.top4top.io/m_1930zr1041.mp4"     }
    },
{
    "index": 0,
    "result": {
    "title": "© Random Asupan",
     "url":"https://b.top4top.io/m_1930s29hq2.mp4"     }
    },
{
    "index": 0,
    "result": {
    "title": "© Random Asupan",
     "url":"https://a.top4top.io/m_1930kbo0y0.mp4"     }
    },
{
    "index": 0,
    "result": {
    "title": "© Random Asupan",
     "url":"https://j.top4top.io/m_1930xek9z0.mp4"     }
    },
{
    "index": 0,
    "result": {
    "title": "© Random Asupan",
     "url":"https://i.top4top.io/m_1930s7gb80.mp4"     }
    },
{
    "index": 0,
    "result": {
    "title": "© Random Asupan",
     "url":"https://c.top4top.io/m_1930w0dbu0.mp4"     }
    },
{
    "index": 0,
    "result": {
    "title": "© Random Asupan",
     "url":"https://d.top4top.io/m_1930xu4kd1.mp4"     }
    },
{
    "index": 0,
    "result": {
    "title": "© Random Asupan",
     "url":"https://a.top4top.io/m_1930zw2nb0.mp4"     }
    },
{
    "index": 0,
    "result": {
    "title": "© Random Asupan",
     "url":"https://b.top4top.io/m_1930eybjj1.mp4"     }
    },
{
    "index": 0,
    "result": {
    "title": "© Random Asupan",
     "url":"https://g.top4top.io/m_1930fmx330.mp4"     }
    },
{
    "index": 0,
    "result": {
    "title": "© Random Asupan",
     "url":"https://l.top4top.io/m_1930gnlam0.mp4"     }
    },
{
    "index": 0,
    "result": {
    "title": "© Random Asupan",
     "url":"https://g.top4top.io/m_1930twwu50.mp4"     }
    },
{
    "index": 0,
    "result": {
    "title": "© Random Asupan",
     "url":"https://l.top4top.io/m_1930qkeh70.mp4"     }
    },
{
    "index": 0,
    "result": {
    "title": "© Random Asupan",
     "url":"https://l.top4top.io/m_1930wefm20.mp4"     }
    },
{
    "index": 0,
    "result": {
    "title": "© Random Asupan",
     "url":"https://a.top4top.io/m_1930idzd51.mp4"     }
    },
{
    "index": 0,
    "result": {
    "title": "© Random Asupan",
     "url":"https://d.top4top.io/m_2062ec3r60.mp4"     }
    },
{
    "index": 0,
    "result": {
    "title": "© Random Asupan",
     "url":"https://e.top4top.io/m_1930ns2zo0.mp4"     }
    },
{
    "index": 0,
    "result": {
    "title": "© Random Asupan",
     "url":"https://k.top4top.io/m_1930j9i810.mp4"     }
    },
{
    "index": 0,
    "result": {
    "title": "© Random Asupan",
     "url":"https://f.top4top.io/m_1930wtj580.mp4"     }
    },
{
    "index": 0,
    "result": {
    "title": "© Random Asupan",
     "url":"https://d.top4top.io/m_1930a2isv0.mp4"     }
    },
{
    "index": 0,
    "result": {
    "title": "© Random Asupan",
     "url":"https://e.top4top.io/m_1930wbgc41.mp4"     }
    },
{
    "index": 0,
    "result": {
    "title": "© Random Asupan",
     "url":"https://f.top4top.io/m_1930urbj02.mp4"     }
    },
{
    "index": 0,
    "result": {
    "title": "© Random Asupan",
     "url":"https://b.top4top.io/m_1930ceiqv0.mp4"     }
    },
{
    "index": 0,
    "result": {
    "title": "© Random Asupan",
     "url":"https://i.top4top.io/m_1931a0z6o0.mp4"     }
    },
{
    "index": 0,
    "result": {
    "title": "© Random Asupan",
     "url":"https://a.top4top.io/m_193190b500.mp4"     }
    },
{
    "index": 0,
    "result": {
    "title": "© Random Asupan",
     "url":"https://b.top4top.io/m_1931dcixz1.mp4"     }
    },
{
    "index": 0,
    "result": {
    "title": "© Random Asupan",
     "url":"https://g.top4top.io/m_19317gpjp0.mp4"     }
    },
{
    "index": 0,
    "result": {
    "title": "© Random Asupan",
     "url":"https://i.top4top.io/m_1931cc22w1.mp4"     }
    },
{
    "index": 0,
    "result": {
    "title": "© Random Asupan",
     "url":"https://j.top4top.io/m_1931xn6412.mp4"     }
    },
{
    "index": 0,
    "result": {
    "title": "© Random Asupan",
     "url":"https://g.top4top.io/m_1931silxz0.mp4"     }
    },
{
    "index": 0,
    "result": {
    "title": "© Random Asupan",
     "url":"https://h.top4top.io/m_1931as4mg1.mp4"     }
    },
{
    "index": 0,
    "result": {
    "title": "© Random Asupan",
     "url":"https://i.top4top.io/m_1931p9j5v0.mp4"     }
    },
{
    "index": 0,
    "result": {
    "title": "© Random Asupan",
     "url":"https://e.top4top.io/m_1931mgeuy0.mp4"     }
    },
{
    "index": 0,
    "result": {
    "title": "© Random Asupan",
     "url":"https://f.top4top.io/m_1931lw9381.mp4"     }
    },
{
    "index": 0,
    "result": {
    "title": "© Random Asupan",
     "url":"https://g.top4top.io/m_1931vm0dk2.mp4"     }
    },
{
    "index": 0,
    "result": {
    "title": "© Random Asupan",
     "url":"https://h.top4top.io/m_1931fiv8x3.mp4"     }
    },
{
    "index": 0,
    "result": {
    "title": "© Random Asupan",
     "url":"https://b.top4top.io/m_1931jm3dt0.mp4"     }
    },
{
    "index": 0,
    "result": {
    "title": "© Random Asupan",
     "url":"https://e.top4top.io/m_1931i7yag1.mp4"     }
    },
{
    "index": 0,
    "result": {
    "title": "© Random Asupan",
     "url":"https://f.top4top.io/m_1931dr5ya2.mp4"     }
    },
{
    "index": 0,
    "result": {
    "title": "© Random Asupan",
     "url":"https://g.top4top.io/m_193172kpg3.mp4"     }
    },
{
    "index": 0,
    "result": {
    "title": "© Random Asupan",
     "url":"https://h.top4top.io/m_1931j3b224.mp4"     }
    },
{
    "index": 0,
    "result": {
    "title": "© Random Asupan",
     "url":"https://j.top4top.io/m_19317ykt25.mp4"     }
    },
{
    "index": 0,
    "result": {
    "title": "© Random Asupan",
     "url":"https://k.top4top.io/m_1931o0vh16.mp4"     }
    },
{
    "index": 0,
    "result": {
    "title": "© Random Asupan",
     "url":"https://l.top4top.io/m_1931ssfbn7.mp4"     }
    },
{
    "index": 0,
    "result": {
    "title": "© Random Asupan",
     "url":"https://a.top4top.io/m_19318t7458.mp4"     }
    },
{
    "index": 0,
    "result": {
    "title": "© Random Asupan",
     "url":"https://b.top4top.io/m_1931vhu759.mp4"     }
    },
{
    "index": 0,
    "result": {
    "title": "© Random Asupan",
     "url":"https://b.top4top.io/m_1930thxw90.mp4"     }
    },
{
    "index": 0,
    "result": {
    "title": "© Random Asupan",
     "url":"https://d.top4top.io/m_1930pezhp0.mp4"     }
    },
{
    "index": 0,
    "result": {
    "title": "© Random Asupan",
     "url":"https://c.top4top.io/m_1930cjgbx0.mp4"     }
    },
{
    "index": 0,
    "result": {
    "title": "© Random Asupan",
     "url":"https://b.top4top.io/m_1930v6vhg0.mp4"     }
    },
{
    "index": 0,
    "result": {
    "title": "© Random Asupan",
     "url":"https://f.top4top.io/m_1930uh7ud0.mp4"     }
    },
{
    "index": 0,
    "result": {
    "title": "© Random Asupan",
     "url":"https://a.top4top.io/m_1930c9cpb0.mp4"     }
    },
{
    "index": 0,
    "result": {
    "title": "© Random Asupan",
     "url":"https://k.top4top.io/m_19308amkf0.mp4"     }
    },
{
    "index": 0,
    "result": {
    "title": "© Random Asupan",
     "url":"https://d.top4top.io/m_1930wjaq60.mp4"     }
    },
{
    "index": 0,
    "result": {
    "title": "© Random Asupan",
     "url":"https://i.top4top.io/m_1930n2um40.mp4"     }
    },
{
    "index": 0,
    "result": {
    "title": "© Random Asupan",
     "url":"https://i.top4top.io/m_1930e14pi0.mp4"     }
    },
{
    "index": 0,
    "result": {
    "title": "© Random Asupan",
     "url":"https://i.top4top.io/m_1930w6lwf0.mp4"     }
    },
{
    "index": 0,
    "result": {
    "title": "© Random Asupan",
     "url":"https://e.top4top.io/m_19307autl0.mp4"     }
    },
{
    "index": 0,
    "result": {
    "title": "© Random Asupan",
     "url":"https://d.top4top.io/m_1930i6tfc0.mp4"     }
    },
{
    "index": 0,
    "result": {
    "title": "© Random Asupan",
     "url":"https://c.top4top.io/m_1930qmr7u0.mp4"     }
    },
{
    "index": 0,
    "result": {
    "title": "© Random Asupan",
     "url":"https://d.top4top.io/m_1930itbte1.mp4"     }
    },
{
    "index": 0,
    "result": {
    "title": "© Random Asupan",
     "url":"https://i.top4top.io/m_1930ze4oq0.mp4"     }
    },
{
    "index": 0,
    "result": {
    "title": "© Random Asupan",
     "url":"https://j.top4top.io/m_1930kkqyh1.mp4"     }
    },
{
    "index": 0,
    "result": {
    "title": "© Random Asupan",
     "url":"https://f.top4top.io/m_1930zevlz0.mp4"     }
    },
{
    "index": 0,
    "result": {
    "title": "© Random Asupan",
     "url":"https://g.top4top.io/m_1930q0apu1.mp4"     }
    },
{
    "index": 0,
    "result": {
    "title": "© Random Asupan",
     "url":"https://h.top4top.io/m_1930trfsv2.mp4"     }
    },
{
    "index": 0,
    "result": {
    "title": "© Random Asupan",
     "url":"https://l.top4top.io/m_1931ufrul0.mp4"     }
    },
{
    "index": 0,
    "result": {
    "title": "© Random Asupan",
     "url":"https://a.top4top.io/m_1931jbdpk1.mp4"     }
    },
{
    "index": 0,
    "result": {
    "title": "© Random Asupan",
     "url":"https://c.top4top.io/m_1931aj9nm2.mp4"     }
    },
{
    "index": 0,
    "result": {
    "title": "© Random Asupan",
     "url":"https://d.top4top.io/m_1931cnsal3.mp4"     }
    },
{
    "index": 0,
    "result": {
    "title": "© Random Asupan",
     "url":"https://e.top4top.io/m_1931d4kc74.mp4"     }
    },
{
    "index": 0,
    "result": {
    "title": "© Random Asupan",
     "url":"https://f.top4top.io/m_1931bih8q5.mp4"     }
    },
{
    "index": 0,
    "result": {
    "title": "© Random Asupan",
     "url":"https://g.top4top.io/m_1931xx7aa6.mp4"     }
    },
{
    "index": 0,
    "result": {
    "title": "© Random Asupan",
     "url":"https://h.top4top.io/m_1931g3zsq7.mp4"     }
    },
{
    "index": 0,
    "result": {
    "title": "© Random Asupan",
     "url":"https://a.top4top.io/m_1931m74wd0.mp4"     }
    },
{
    "index": 0,
    "result": {
    "title": "© Random Asupan",
     "url":"https://b.top4top.io/m_1931p8tfm1.mp4"     }
    },
{
    "index": 0,
    "result": {
    "title": "© Random Asupan",
     "url":"https://e.top4top.io/m_1931aj8iv0.mp4"     }
    },
{
    "index": 0,
    "result": {
    "title": "© Random Asupan",
     "url":"https://f.top4top.io/m_1931szguy1.mp4"     }
    },
{
    "index": 0,
    "result": {
    "title": "© Random Asupan",
     "url":"https://g.top4top.io/m_1931l73ry2.mp4"     }
    },
{
    "index": 0,
    "result": {
    "title": "© Random Asupan",
     "url":"https://h.top4top.io/m_1931yhznj3.mp4"     }
    },
{
    "index": 0,
    "result": {
    "title": "© Random Asupan",
     "url":"https://i.top4top.io/m_1931kmtp34.mp4"     }
    },
{
    "index": 0,
    "result": {
    "title": "© Random Asupan",
     "url":"https://j.top4top.io/m_1931snhdg5.mp4"     }
    },
{
    "index": 0,
    "result": {
    "title": "© Random Asupan",
     "url":"https://k.top4top.io/m_1931ay1jz6.mp4"     }
    },
{
    "index": 0,
    "result": {
    "title": "© Random Asupan",
     "url":"https://l.top4top.io/m_1931x70mk7.mp4"     }
    },
{
    "index": 0,
    "result": {
    "title": "© Random Asupan",
     "url":"https://a.top4top.io/m_19319mvvf8.mp4"     }
    },
{
    "index": 0,
    "result": {
    "title": "© Random Asupan",
     "url":"https://b.top4top.io/m_1931icmzd9.mp4"     }
    },
{
    "index": 0,
    "result": {
    "title": "© Random Asupan",
     "url":"https://h.top4top.io/m_19316oo0s0.mp4"     }
    },
{
    "index": 0,
    "result": {
    "title": "© Random Asupan",
     "url":"https://i.top4top.io/m_1931cvvpt1.mp4"     }
    },
{
    "index": 0,
    "result": {
    "title": "© Random Asupan",
     "url":"https://b.top4top.io/m_1931yxodg0.mp4"     }
    },
{
    "index": 0,
    "result": {
    "title": "© Random Asupan",
     "url":"https://k.top4top.io/m_193161p380.mp4"     }
    },
{
    "index": 0,
    "result": {
    "title": "© Random Asupan",
     "url":"https://l.top4top.io/m_1931i4g3p1.mp4"     }
    },
{
    "index": 0,
    "result": {
    "title": "© Random Asupan",
     "url":"https://a.top4top.io/m_1931tjlio2.mp4"     }
    },
{
    "index": 0,
    "result": {
    "title": "© Random Asupan",
     "url":"https://g.top4top.io/m_1931z2mc40.mp4"     }
    },
{
    "index": 0,
    "result": {
    "title": "© Random Asupan",
     "url":"https://h.top4top.io/m_1931auyof1.mp4"     }
    },
{
    "index": 0,
    "result": {
    "title": "© Random Asupan",
     "url":"https://i.top4top.io/m_19315hrle2.mp4"     }
    },
{
    "index": 0,
    "result": {
    "title": "© Random Asupan",
     "url":"https://j.top4top.io/m_1931xul5a3.mp4"     }
    },
{
    "index": 0,
    "result": {
    "title": "© Random Asupan",
     "url":"https://l.top4top.io/m_1931o92nr0.mp4"     }
    },
{
    "index": 0,
    "result": {
    "title": "© Random Asupan",
     "url":"https://a.top4top.io/m_1931j1rh21.mp4"     }
    },
{
    "index": 0,
    "result": {
    "title": "© Random Asupan",
     "url":"https://b.top4top.io/m_1931iaqpg2.mp4"     }
    },
{
    "index": 0,
    "result": {
    "title": "© Random Asupan",
     "url":"https://c.top4top.io/m_1931s5zlj3.mp4"     }
    },
{
    "index": 0,
    "result": {
    "title": "© Random Asupan",
     "url":"https://d.top4top.io/m_1931x0g5a4.mp4"     }
    },
{
    "index": 0,
    "result": {
    "title": "© Random Asupan",
     "url":"https://i.top4top.io/m_1931oj76n0.mp4"     }
    },
{
    "index": 0,
    "result": {
    "title": "© Random Asupan",
     "url":"https://j.top4top.io/m_19319gl3d1.mp4"     }
    },
{
    "index": 0,
    "result": {
    "title": "© Random Asupan",
     "url":"https://k.top4top.io/m_1931u52cq2.mp4"     }
    },
{
    "index": 0,
    "result": {
    "title": "© Random Asupan",
     "url":"https://l.top4top.io/m_1931mvgj73.mp4"     }
    },
{
    "index": 0,
    "result": {
    "title": "© Random Asupan",
     "url":"https://a.top4top.io/m_1931u07oz4.mp4"     }
    },
{
    "index": 0,
    "result": {
    "title": "© Random Asupan",
     "url":"https://j.top4top.io/m_1931h1fo60.mp4"     }
    },
{
    "index": 0,
    "result": {
    "title": "© Random Asupan",
     "url":"https://k.top4top.io/m_1931mro3u1.mp4"     }
    },
{
    "index": 0,
    "result": {
    "title": "© Random Asupan",
     "url":"https://l.top4top.io/m_1931kx0ac2.mp4"     }
    },
{
    "index": 0,
    "result": {
    "title": "© Random Asupan",
     "url":"https://a.top4top.io/m_1931g9ezq3.mp4"     }
    },
{
    "index": 0,
    "result": {
    "title": "© Random Asupan",
     "url":"https://b.top4top.io/m_1931plin14.mp4"     }
    },
{
    "index": 0,
    "result": {
    "title": "© Random Asupan",
     "url":"https://c.top4top.io/m_1931aaxri5.mp4"     }
    },
{
    "index": 0,
    "result": {
    "title": "© Random Asupan",
     "url":"https://d.top4top.io/m_1931ijzzn6.mp4"     }
    },
{
    "index": 0,
    "result": {
    "title": "© Random Asupan",
     "url":"https://e.top4top.io/m_1931ugycd7.mp4"     }
    },
{
    "index": 0,
    "result": {
    "title": "© Random Asupan",
     "url":"https://f.top4top.io/m_1931l14nk8.mp4"     }
    },
{
    "index": 0,
    "result": {
    "title": "© Random Asupan",
     "url":"https://g.top4top.io/m_1931crgqt9.mp4"     }
    },
{
    "index": 0,
    "result": {
    "title": "© Random Asupan",
     "url":"https://g.top4top.io/m_2080isjz00.mp4"     }
    },
{
    "index": 0,
    "result": {
    "title": "© Random Asupan",
     "url":"https://h.top4top.io/m_2080sw2vr0.mp4"     }
    },
{
    "index": 0,
    "result": {
    "title": "© Random Asupan",
     "url":"https://e.top4top.io/m_2080g02070.mp4"     }
    },
{
    "index": 0,
    "result": {
    "title": "© Random Asupan",
     "url":"https://j.top4top.io/m_2080olloo6.mp4"     }
    },
{
    "index": 0,
    "result": {
    "title": "© Random Asupan",
     "url":"https://i.top4top.io/m_2080ulaoy5.mp4"     }
    },
{
    "index": 0,
    "result": {
    "title": "© Random Asupan",
     "url":"https://h.top4top.io/m_2080px33c4.mp4"     }
    },
{
    "index": 0,
    "result": {
    "title": "© Random Asupan",
     "url":"https://g.top4top.io/m_2080kpb6l3.mp4"     }
    },
{
    "index": 0,
    "result": {
    "title": "© Random Asupan",
     "url":"https://f.top4top.io/m_20803iuor2.mp4"     }
    },
{
    "index": 0,
    "result": {
    "title": "© Random Asupan",
     "url":"https://e.top4top.io/m_2080qcpsz1.mp4"     }
    },
{
    "index": 0,
    "result": {
    "title": "© Random Asupan",
     "url":"https://d.top4top.io/m_2080p6j6e0.mp4"     }
    },
{
    "index": 0,
    "result": {
    "title": "© Random Asupan",
     "url":"https://b.top4top.io/m_20808q0mz2.mp4"     }
    },
{
    "index": 0,
    "result": {
    "title": "© Random Asupan",
     "url":"https://a.top4top.io/m_2080mpkv91.mp4"     }
    },
{
    "index": 0,
    "result": {
    "title": "© Random Asupan",
     "url":"https://l.top4top.io/m_2080wz0gu0.mp4"     }
    },
{
    "index": 0,
    "result": {
    "title": "© Random Asupan",
     "url":"https://b.top4top.io/m_20816emsu0.mp4"     }
    },
{
    "index": 0,
    "result": {
    "title": "© Random Asupan",
     "url":"https://a.top4top.io/m_208198wob6.mp4"     }
    },
{
    "index": 0,
    "result": {
    "title": "© Random Asupan",
     "url":"https://l.top4top.io/m_208112xxw5.mp4"     }
    },
{
    "index": 0,
    "result": {
    "title": "© Random Asupan",
     "url":"https://k.top4top.io/m_2081iapdc4.mp4"     }
    },
{
    "index": 0,
    "result": {
    "title": "© Random Asupan",
     "url":"https://i.top4top.io/m_2081oix7n3.mp4"     }
    },
{
    "index": 0,
    "result": {
    "title": "© Random Asupan",
     "url":"https://h.top4top.io/m_2081zhpp72.mp4"     }
    },
{
    "index": 0,
    "result": {
    "title": "© Random Asupan",
     "url":"https://g.top4top.io/m_2081tbnan1.mp4"     }
    },
{
    "index": 0,
    "result": {
    "title": "© Random Asupan",
     "url":"https://f.top4top.io/m_20811tyi00.mp4"     }
    },
{
    "index": 0,
    "result": {
    "title": "© Random Asupan",
     "url":"https://a.top4top.io/m_20812zy9o0.mp4"
     }
     }
]