[
  {
    "id": "6283834558105@s.whatsapp.net",
    "balance": 10000011774
  },
  {
    "id": "212713013523@s.whatsapp.net",
    "balance": 521
  },
  {
    "id": "212695131336@s.whatsapp.net",
    "balance": 267
  },
  {
    "id": "212619805848@s.whatsapp.net",
    "balance": 208
  },
  {
    "id": "212675485733@s.whatsapp.net",
    "balance": 173
  },
  {
    "id": "212700419302@s.whatsapp.net",
    "balance": 165
  },
  {
    "id": "212604807310@s.whatsapp.net",
    "balance": 176
  },
  {
    "id": "212633195788@s.whatsapp.net",
    "balance": 145
  },
  {
    "id": "6285784715971@s.whatsapp.net",
    "balance": 139
  },
  {
    "id": "212691103277@s.whatsapp.net",
    "balance": 134
  },
  {
    "id": "212642863014@s.whatsapp.net",
    "balance": 129
  },
  {
    "id": "212649763731@s.whatsapp.net",
    "balance": 121
  },
  {
    "id": "6281287787370@s.whatsapp.net",
    "balance": 119
  },
  {
    "id": "212619965658@s.whatsapp.net",
    "balance": 116
  },
  {
    "id": "6281392627443@s.whatsapp.net",
    "balance": 97
  },
  {
    "id": "5219931473858@s.whatsapp.net",
    "balance": 96
  },
  {
    "id": "212671861064@s.whatsapp.net",
    "balance": 88
  },
  {
    "id": "6285855884435@s.whatsapp.net",
    "balance": 77
  },
  {
    "id": "6282284928416@s.whatsapp.net",
    "balance": 72
  },
  {
    "id": "212713702951@s.whatsapp.net",
    "balance": 71
  },
  {
    "id": "62895340416471@s.whatsapp.net",
    "balance": 64
  },
  {
    "id": "212714421464@s.whatsapp.net",
    "balance": 63
  },
  {
    "id": "status@broadcast",
    "balance": 58
  },
  {
    "id": "212767698281@s.whatsapp.net",
    "balance": 56
  },
  {
    "id": "212700447931@s.whatsapp.net",
    "balance": 55
  },
  {
    "id": "212616871462@s.whatsapp.net",
    "balance": 55
  },
  {
    "id": "212626112618@s.whatsapp.net",
    "balance": 51
  },
  {
    "id": "212711629231@s.whatsapp.net",
    "balance": 50
  },
  {
    "id": "212770127581@s.whatsapp.net",
    "balance": 50
  },
  {
    "id": "212695681290@s.whatsapp.net",
    "balance": 41
  },
  {
    "id": "628891779110@s.whatsapp.net",
    "balance": 40
  },
  {
    "id": "212605539470@s.whatsapp.net",
    "balance": 39
  },
  {
    "id": "212657833491@s.whatsapp.net",
    "balance": 38
  },
  {
    "id": "212630068594@s.whatsapp.net",
    "balance": 36
  },
  {
    "id": "212656696662@s.whatsapp.net",
    "balance": 35
  },
  {
    "id": "212630443619@s.whatsapp.net",
    "balance": 34
  },
  {
    "id": "212710039372@s.whatsapp.net",
    "balance": 33
  },
  {
    "id": "212776577199@s.whatsapp.net",
    "balance": 33
  },
  {
    "id": "62895606097532@s.whatsapp.net",
    "balance": 33
  },
  {
    "id": "967713290221@s.whatsapp.net",
    "balance": 29
  },
  {
    "id": "212775428021@s.whatsapp.net",
    "balance": 29
  },
  {
    "id": "6285790847037@s.whatsapp.net",
    "balance": 29
  },
  {
    "id": "212656442282@s.whatsapp.net",
    "balance": 28
  },
  {
    "id": "212650652873@s.whatsapp.net",
    "balance": 27
  },
  {
    "id": "212637791417@s.whatsapp.net",
    "balance": 26
  },
  {
    "id": "212698413013@s.whatsapp.net",
    "balance": 25
  },
  {
    "id": "212690104649@s.whatsapp.net",
    "balance": 25
  },
  {
    "id": "212762258259@s.whatsapp.net",
    "balance": 25
  },
  {
    "id": "212647372811@s.whatsapp.net",
    "balance": 24
  },
  {
    "id": "212772322877@s.whatsapp.net",
    "balance": 24
  },
  {
    "id": "212631899768@s.whatsapp.net",
    "balance": 24
  },
  {
    "id": "212604926069@s.whatsapp.net",
    "balance": 23
  },
  {
    "id": "212711087699@s.whatsapp.net",
    "balance": 23
  },
  {
    "id": "212649265236@s.whatsapp.net",
    "balance": 22
  },
  {
    "id": "967771578272@s.whatsapp.net",
    "balance": 21
  },
  {
    "id": "212653633181@s.whatsapp.net",
    "balance": 20
  },
  {
    "id": "6285789004732@s.whatsapp.net",
    "balance": 49
  },
  {
    "id": "212644142106@s.whatsapp.net",
    "balance": 20
  },
  {
    "id": "212621600549@s.whatsapp.net",
    "balance": 19
  },
  {
    "id": "6283823742094@s.whatsapp.net",
    "balance": 19
  },
  {
    "id": "6283843038671@s.whatsapp.net",
    "balance": 19
  },
  {
    "id": "212696331187@s.whatsapp.net",
    "balance": 19
  },
  {
    "id": "212645902970@s.whatsapp.net",
    "balance": 19
  },
  {
    "id": "212708722701@s.whatsapp.net",
    "balance": 19
  },
  {
    "id": "6281935114689@s.whatsapp.net",
    "balance": 18
  },
  {
    "id": "212648302304@s.whatsapp.net",
    "balance": 18
  },
  {
    "id": "62887437306405@s.whatsapp.net",
    "balance": 18
  },
  {
    "id": "212771347715@s.whatsapp.net",
    "balance": 17
  },
  {
    "id": "6283182340860@s.whatsapp.net",
    "balance": 17
  },
  {
    "id": "6285380166282@s.whatsapp.net",
    "balance": 17
  },
  {
    "id": "212671599070@s.whatsapp.net",
    "balance": 16
  },
  {
    "id": "212635554286@s.whatsapp.net",
    "balance": 16
  },
  {
    "id": "212619615969@s.whatsapp.net",
    "balance": 15
  },
  {
    "id": "6281992430093@s.whatsapp.net",
    "balance": 15
  },
  {
    "id": "6288983277371@s.whatsapp.net",
    "balance": 15
  },
  {
    "id": "212716889082@s.whatsapp.net",
    "balance": 15
  },
  {
    "id": "212656616384@s.whatsapp.net",
    "balance": 13
  },
  {
    "id": "212693714932@s.whatsapp.net",
    "balance": 13
  },
  {
    "id": "6281273275357@s.whatsapp.net",
    "balance": 12
  },
  {
    "id": "6285748527258@s.whatsapp.net",
    "balance": 12
  },
  {
    "id": "6283875114644@s.whatsapp.net",
    "balance": 11
  },
  {
    "id": "6285746030186@s.whatsapp.net",
    "balance": 10
  },
  {
    "id": "212715040013@s.whatsapp.net",
    "balance": 10
  },
  {
    "id": "212672518926@s.whatsapp.net",
    "balance": 9
  },
  {
    "id": "6281255090574@s.whatsapp.net",
    "balance": 9
  },
  {
    "id": "212774747124@s.whatsapp.net",
    "balance": 8
  },
  {
    "id": "6281413072034@s.whatsapp.net",
    "balance": 7
  },
  {
    "id": "212707021778@s.whatsapp.net",
    "balance": 7
  },
  {
    "id": "821043871103@s.whatsapp.net",
    "balance": 6
  },
  {
    "id": "212618717403@s.whatsapp.net",
    "balance": 5
  },
  {
    "id": "212688748421@s.whatsapp.net",
    "balance": 5
  },
  {
    "id": "212611998173@s.whatsapp.net",
    "balance": 4
  },
  {
    "id": "62895417550406@s.whatsapp.net",
    "balance": 4
  },
  {
    "id": "212611089975@s.whatsapp.net",
    "balance": 2
  },
  {
    "id": "212612096469@s.whatsapp.net",
    "balance": 2
  },
  {
    "id": "6281221335630@s.whatsapp.net",
    "balance": 2
  },
  {
    "id": "6285211080678@s.whatsapp.net",
    "balance": 2
  },
  {
    "id": "6285778246804@s.whatsapp.net",
    "balance": 2
  },
  {
    "id": "628979033503@s.whatsapp.net",
    "balance": 32
  },
  {
    "id": "6285624823115@s.whatsapp.net",
    "balance": 20
  },
  {
    "id": "62895619414249@s.whatsapp.net",
    "balance": 9
  },
  {
    "id": "60149182240@s.whatsapp.net",
    "balance": 10
  },
  {
    "id": "212674385331@s.whatsapp.net",
    "balance": 1
  }
]