[
  {
    "id": "62895417550406@s.whatsapp.net",
    "limit": 0
  },
  {
    "id": "212611998173@s.whatsapp.net",
    "limit": 1
  },
  {
    "id": "62895606097532@s.whatsapp.net",
    "limit": 3
  },
  {
    "id": "212619965658@s.whatsapp.net",
    "limit": 13
  },
  {
    "id": "212649265236@s.whatsapp.net",
    "limit": 2
  },
  {
    "id": "212713013523@s.whatsapp.net",
    "limit": 15
  },
  {
    "id": "212642863014@s.whatsapp.net",
    "limit": 1
  },
  {
    "id": "212695131336@s.whatsapp.net",
    "limit": 18
  },
  {
    "id": "212708722701@s.whatsapp.net",
    "limit": 1
  },
  {
    "id": "5219931473858@s.whatsapp.net",
    "limit": 0
  },
  {
    "id": "6285778246804@s.whatsapp.net",
    "limit": 1
  },
  {
    "id": "212710039372@s.whatsapp.net",
    "limit": 2
  },
  {
    "id": "212605539470@s.whatsapp.net",
    "limit": 4
  },
  {
    "id": "212653633181@s.whatsapp.net",
    "limit": 1
  },
  {
    "id": "6285784715971@s.whatsapp.net",
    "limit": 2
  },
  {
    "id": "6285748527258@s.whatsapp.net",
    "limit": 1
  },
  {
    "id": "212771347715@s.whatsapp.net",
    "limit": 1
  },
  {
    "id": "628891779110@s.whatsapp.net",
    "limit": 1
  },
  {
    "id": "212604807310@s.whatsapp.net",
    "limit": 11
  },
  {
    "id": "212691103277@s.whatsapp.net",
    "limit": 4
  },
  {
    "id": "212775428021@s.whatsapp.net",
    "limit": 3
  },
  {
    "id": "212671861064@s.whatsapp.net",
    "limit": 0
  },
  {
    "id": "212616871462@s.whatsapp.net",
    "limit": 1
  },
  {
    "id": "212604926069@s.whatsapp.net",
    "limit": 0
  },
  {
    "id": "821043871103@s.whatsapp.net",
    "limit": 1
  },
  {
    "id": "212714421464@s.whatsapp.net",
    "limit": 3
  },
  {
    "id": "212671599070@s.whatsapp.net",
    "limit": 0
  },
  {
    "id": "212649763731@s.whatsapp.net",
    "limit": 1
  },
  {
    "id": "212700419302@s.whatsapp.net",
    "limit": 8
  },
  {
    "id": "6281287787370@s.whatsapp.net",
    "limit": 3
  },
  {
    "id": "212630443619@s.whatsapp.net",
    "limit": 0
  },
  {
    "id": "60149182240@s.whatsapp.net",
    "limit": 0
  },
  {
    "id": "212674385331@s.whatsapp.net",
    "limit": 1
  },
  {
    "id": "6285789004732@s.whatsapp.net",
    "limit": 0
  }
]